"mint_key","pair_key","name","security","age","market_cap","highest_mc","liquidity","volume_1h","holders","snipers","snipers_pct","first20_pct","fish","fish_pct","dev_sol","bundled_pct","sold_pct","price_change_1h","buy_pressure","token_age","signal_time","winner","winner_time","max_return","max_return_time","source","trading_score"
"9Y3vat8YjC2r2tAkmVDVAa4moBwDe4dzKUGt1tfipump","HdzzrKBV61mJs3FhpCGurbQ2XiCCFSHdGSkrYJe7NVix","XWRAPPED","‚ö†Ô∏è","0","45471.26775957876","58968","20860","92275","280","13","23.8335390149418","24.169991317149396","0","0","0","3.4612903225806","3.4612903225806","-21.05155171452","1","0.5","2025-12-10T16:58:05.189Z","false","N/A","0","N/A","primal","[{""id"":8873,""mint_key"":""9Y3vat8YjC2r2tAkmVDVAa4moBwDe4dzKUGt1tfipump"",""predicted_gain"":1.4799903447683393,""predicted_gain_pct"":147.99903447683394,""confidence"":0.8,""risk_adjusted_score"":1.1839922758146715,""go_decision"":true,""recommended_tp_levels"":[{""gain_pct"":30,""sell_amount_pct"":20},{""gain_pct"":70,""sell_amount_pct"":25},{""gain_pct"":150,""sell_amount_pct"":35},{""gain_pct"":300,""sell_amount_pct"":100}],""recommended_sl"":-45,""position_size_factor"":0.08794959202265981,""notes"":""High gain potential | High confidence | Low risk"",""timestamp"":""2025-12-10T16:58:05.783Z"",""pairId"":50789,""model_response"":{""notes"":""High gain potential | High confidence | Low risk"",""symbol"":""XWRAPPED"",""mint_key"":""9Y3vat8YjC2r2tAkmVDVAa4moBwDe4dzKUGt1tfipump"",""pair_key"":""HdzzrKBV61mJs3FhpCGurbQ2XiCCFSHdGSkrYJe7NVix"",""timestamp"":""2025-12-10T16:58:05.783248"",""confidence"":0.8,""go_decision"":true,""signal_source"":""primal"",""predicted_gain"":1.4799903447683393,""recommended_sl"":-45,""predicted_gain_pct"":147.99903447683394,""risk_adjusted_score"":1.1839922758146715,""position_size_factor"":0.08794959202265981,""recommended_tp_levels"":[{""gain_pct"":30,""sell_amount_pct"":20},{""gain_pct"":70,""sell_amount_pct"":25},{""gain_pct"":150,""sell_amount_pct"":35},{""gain_pct"":300,""sell_amount_pct"":100}]},""createdAt"":""2025-12-10T16:58:05.824Z"",""updatedAt"":""2025-12-10T16:58:05.824Z""}]"
"9Y3vat8YjC2r2tAkmVDVAa4moBwDe4dzKUGt1tfipump","HdzzrKBV61mJs3FhpCGurbQ2XiCCFSHdGSkrYJe7NVix","XWRAPPED","warning","0","45281.38011300052","0","20817","18160","280","0","0","15.008200000000002","0","0","0","100","0","-19.323089732655","1","0.16666666666666666","2025-12-10T16:57:48.823Z","false","N/A","0","N/A","solana_tracker","[{""id"":8872,""mint_key"":""9Y3vat8YjC2r2tAkmVDVAa4moBwDe4dzKUGt1tfipump"",""predicted_gain"":1.2354104181604246,""predicted_gain_pct"":123.54104181604247,""confidence"":0.8,""risk_adjusted_score"":0.9883283345283398,""go_decision"":false,""recommended_tp_levels"":[{""gain_pct"":30,""sell_amount_pct"":20},{""gain_pct"":70,""sell_amount_pct"":25},{""gain_pct"":150,""sell_amount_pct"":35},{""gain_pct"":300,""sell_amount_pct"":100}],""recommended_sl"":-45,""position_size_factor"":0.08333333333333334,""notes"":""üö® Very High Bundled 100.0% | High gain potential | High confidence"",""timestamp"":""2025-12-10T16:58:01.079Z"",""pairId"":50788,""model_response"":{""notes"":""üö® Very High Bundled 100.0% | High gain potential | High confidence"",""symbol"":""XWRAPPED"",""mint_key"":""9Y3vat8YjC2r2tAkmVDVAa4moBwDe4dzKUGt1tfipump"",""pair_key"":""HdzzrKBV61mJs3FhpCGurbQ2XiCCFSHdGSkrYJe7NVix"",""timestamp"":""2025-12-10T16:58:01.079755"",""confidence"":0.8,""go_decision"":false,""signal_source"":""solana_tracker"",""predicted_gain"":1.2354104181604246,""recommended_sl"":-45,""predicted_gain_pct"":123.54104181604247,""risk_adjusted_score"":0.9883283345283398,""position_size_factor"":0.08333333333333334,""recommended_tp_levels"":[{""gain_pct"":30,""sell_amount_pct"":20},{""gain_pct"":70,""sell_amount_pct"":25},{""gain_pct"":150,""sell_amount_pct"":35},{""gain_pct"":300,""sell_amount_pct"":100}]},""createdAt"":""2025-12-10T16:58:01.118Z"",""updatedAt"":""2025-12-10T16:58:01.118Z""}]"
"6HJhy51xdmUzid63L3PDSRmVe3EXiHJCKJy7c6Mpump","GqYaN5ZfRTs4vEERF9K7BqqneRcAc7tbMz84b7m9VDpY","USDWC","üö®","0","64703.63319602185","64703","24900","58635","214","6","27.216259588485904","32.063789549189","0","0","0","2.1039219431372","2.1039219431372","14.372542025582","2.75","0.5","2025-12-10T16:55:45.102Z","false","N/A","0","N/A","primal","[{""id"":8871,""mint_key"":""6HJhy51xdmUzid63L3PDSRmVe3EXiHJCKJy7c6Mpump"",""predicted_gain"":2.7455366254951867,""predicted_gain_pct"":274.55366254951866,""confidence"":0.8,""risk_adjusted_score"":2.1964293003961495,""go_decision"":true,""recommended_tp_levels"":[{""gain_pct"":50,""sell_amount_pct"":15},{""gain_pct"":100,""sell_amount_pct"":25},{""gain_pct"":200,""sell_amount_pct"":35},{""gain_pct"":500,""sell_amount_pct"":100}],""recommended_sl"":-50,""position_size_factor"":0.08790505976834932,""notes"":""High gain potential | Low risk"",""timestamp"":""2025-12-10T16:55:45.600Z"",""pairId"":50787,""model_response"":{""notes"":""High gain potential | Low risk"",""symbol"":""USDWC"",""mint_key"":""6HJhy51xdmUzid63L3PDSRmVe3EXiHJCKJy7c6Mpump"",""pair_key"":""GqYaN5ZfRTs4vEERF9K7BqqneRcAc7tbMz84b7m9VDpY"",""timestamp"":""2025-12-10T16:55:45.600279"",""confidence"":0.8,""go_decision"":true,""signal_source"":""primal"",""predicted_gain"":2.7455366254951867,""recommended_sl"":-50,""predicted_gain_pct"":274.55366254951866,""risk_adjusted_score"":2.1964293003961495,""position_size_factor"":0.08790505976834932,""recommended_tp_levels"":[{""gain_pct"":50,""sell_amount_pct"":15},{""gain_pct"":100,""sell_amount_pct"":25},{""gain_pct"":200,""sell_amount_pct"":35},{""gain_pct"":500,""sell_amount_pct"":100}]},""createdAt"":""2025-12-10T16:55:45.620Z"",""updatedAt"":""2025-12-10T16:55:45.620Z""}]"
"6HJhy51xdmUzid63L3PDSRmVe3EXiHJCKJy7c6Mpump","GqYaN5ZfRTs4vEERF9K7BqqneRcAc7tbMz84b7m9VDpY","USDWC","warning","0","64703.63319602185","0","24900","1352","214","0","0","16.5439","0","0","0","79.3103448275862","0","9.3536293822472","3.3333333333333335","0.16666666666666666","2025-12-10T16:55:30.586Z","false","N/A","0","N/A","solana_tracker","[{""id"":8870,""mint_key"":""6HJhy51xdmUzid63L3PDSRmVe3EXiHJCKJy7c6Mpump"",""predicted_gain"":1.4757888687523837,""predicted_gain_pct"":147.57888687523837,""confidence"":0.8,""risk_adjusted_score"":1.180631095001907,""go_decision"":false,""recommended_tp_levels"":[{""gain_pct"":30,""sell_amount_pct"":20},{""gain_pct"":70,""sell_amount_pct"":25},{""gain_pct"":150,""sell_amount_pct"":35},{""gain_pct"":300,""sell_amount_pct"":100}],""recommended_sl"":-45,""position_size_factor"":0.08471264367816092,""notes"":""üö® Very High Bundled 79.3% | ‚ö†Ô∏è low_vol:$1352 | High gain potential | High confidence | Low risk"",""timestamp"":""2025-12-10T16:55:44.113Z"",""pairId"":50786,""model_response"":{""notes"":""üö® Very High Bundled 79.3% | ‚ö†Ô∏è low_vol:$1352 | High gain potential | High confidence | Low risk"",""symbol"":""USDWC"",""mint_key"":""6HJhy51xdmUzid63L3PDSRmVe3EXiHJCKJy7c6Mpump"",""pair_key"":""GqYaN5ZfRTs4vEERF9K7BqqneRcAc7tbMz84b7m9VDpY"",""timestamp"":""2025-12-10T16:55:44.113739"",""confidence"":0.8,""go_decision"":false,""signal_source"":""solana_tracker"",""predicted_gain"":1.4757888687523837,""recommended_sl"":-45,""predicted_gain_pct"":147.57888687523837,""risk_adjusted_score"":1.180631095001907,""position_size_factor"":0.08471264367816092,""recommended_tp_levels"":[{""gain_pct"":30,""sell_amount_pct"":20},{""gain_pct"":70,""sell_amount_pct"":25},{""gain_pct"":150,""sell_amount_pct"":35},{""gain_pct"":300,""sell_amount_pct"":100}]},""createdAt"":""2025-12-10T16:55:44.135Z"",""updatedAt"":""2025-12-10T16:55:44.135Z""}]"
"3Nko6FeT7xiwVTR89qHrNiCm2Kx2qkgXpdugkSUvQjkP","5mPG5fTRSMNy54WfdB3GTaeUDrPD39CMxTtwoD2TTn5Z","TEST 1","üö®","0","708.8647444660805","4683","293","148","3","2","0.8334593979218001","97.72369145694539","0","0","0","0.6954498249688","0.6954498249688","86.93420087878","100","0.5","2025-12-10T16:47:56.671Z","false","N/A","0","N/A","primal","[{""id"":8869,""mint_key"":""3Nko6FeT7xiwVTR89qHrNiCm2Kx2qkgXpdugkSUvQjkP"",""predicted_gain"":0.19242339926513502,""predicted_gain_pct"":19.242339926513502,""confidence"":0.8,""risk_adjusted_score"":0.15393871941210802,""go_decision"":false,""recommended_tp_levels"":[{""gain_pct"":10,""sell_amount_pct"":30},{""gain_pct"":30,""sell_amount_pct"":35},{""gain_pct"":50,""sell_amount_pct"":35},{""gain_pct"":100,""sell_amount_pct"":100}],""recommended_sl"":-35,""position_size_factor"":0.08985170939680938,""notes"":""üö® MC Too Small $709 | Liquidity Too Low $293 | Too Few Holders 3 | ‚ö†Ô∏è low_vol:$149 | Low gain potential | High confidence | Low risk | Risk-adj score too low (0.15)"",""timestamp"":""2025-12-10T16:47:57.449Z"",""pairId"":50785,""model_response"":{""notes"":""üö® MC Too Small $709 | Liquidity Too Low $293 | Too Few Holders 3 | ‚ö†Ô∏è low_vol:$149 | Low gain potential | High confidence | Low risk | Risk-adj score too low (0.15)"",""symbol"":""TEST 1"",""mint_key"":""3Nko6FeT7xiwVTR89qHrNiCm2Kx2qkgXpdugkSUvQjkP"",""pair_key"":""5mPG5fTRSMNy54WfdB3GTaeUDrPD39CMxTtwoD2TTn5Z"",""timestamp"":""2025-12-10T16:47:57.449313"",""confidence"":0.8,""go_decision"":false,""signal_source"":""primal"",""predicted_gain"":0.19242339926513502,""recommended_sl"":-35,""predicted_gain_pct"":19.242339926513502,""risk_adjusted_score"":0.15393871941210802,""position_size_factor"":0.08985170939680938,""recommended_tp_levels"":[{""gain_pct"":10,""sell_amount_pct"":30},{""gain_pct"":30,""sell_amount_pct"":35},{""gain_pct"":50,""sell_amount_pct"":35},{""gain_pct"":100,""sell_amount_pct"":100}]},""createdAt"":""2025-12-10T16:47:57.474Z"",""updatedAt"":""2025-12-10T16:47:57.474Z""}]"
"EcQmBHdPEfj4j8ar4Yhz19f2NP8KeFYy6HdZR3MbEzko","Ft4bx1vyZkwLnMi8emyv7P2hj4LoKUrUb5raQyq1JRHg","Cheeseburger","üö®","60","98952","163000","31400","323000","440","39","60","42","9","17","0","0","0","13.887309432494","0.7148412184057031","60","2025-12-10T16:32:23.000Z","false","N/A","2.3","2025-12-10T16:55:01.000Z","whale","[{""id"":8868,""mint_key"":""EcQmBHdPEfj4j8ar4Yhz19f2NP8KeFYy6HdZR3MbEzko"",""predicted_gain"":1.2470516956615205,""predicted_gain_pct"":124.70516956615205,""confidence"":0.8,""risk_adjusted_score"":0.9976413565292165,""go_decision"":false,""recommended_tp_levels"":[{""gain_pct"":30,""sell_amount_pct"":20},{""gain_pct"":70,""sell_amount_pct"":25},{""gain_pct"":150,""sell_amount_pct"":35},{""gain_pct"":300,""sell_amount_pct"":100}],""recommended_sl"":-45,""position_size_factor"":0.084,""notes"":""üö® Very High Snipers 60.0% | High gain potential | High confidence"",""timestamp"":""2025-12-10T16:32:25.996Z"",""pairId"":50784,""model_response"":{""notes"":""üö® Very High Snipers 60.0% | High gain potential | High confidence"",""symbol"":""Cheeseburger"",""mint_key"":""EcQmBHdPEfj4j8ar4Yhz19f2NP8KeFYy6HdZR3MbEzko"",""pair_key"":""Ft4bx1vyZkwLnMi8emyv7P2hj4LoKUrUb5raQyq1JRHg"",""timestamp"":""2025-12-10T16:32:25.996006"",""confidence"":0.8,""go_decision"":false,""signal_source"":""whale"",""predicted_gain"":1.2470516956615205,""recommended_sl"":-45,""predicted_gain_pct"":124.70516956615205,""risk_adjusted_score"":0.9976413565292165,""position_size_factor"":0.084,""recommended_tp_levels"":[{""gain_pct"":30,""sell_amount_pct"":20},{""gain_pct"":70,""sell_amount_pct"":25},{""gain_pct"":150,""sell_amount_pct"":35},{""gain_pct"":300,""sell_amount_pct"":100}]},""createdAt"":""2025-12-10T16:32:26.023Z"",""updatedAt"":""2025-12-10T16:32:26.023Z""}]"
"5dqhLRr7LPrba2d8iCwdxatKmD53e7n9XeTP8dtypump","nEFirBAMd2cj9RomGvZvdba8as79Cr6XprnA4ZkQpru","Cloyster","üö®","10","35329","66000","18500","25000","136","0","0","8","1","0","0","60.9","63.7","-40.295238751397","0.8735632183908046","10","2025-12-10T16:29:09.000Z","false","N/A","1.54","2025-12-10T16:37:01.000Z","tg_early_trending","[{""id"":8867,""mint_key"":""5dqhLRr7LPrba2d8iCwdxatKmD53e7n9XeTP8dtypump"",""predicted_gain"":4.3349896459821435,""predicted_gain_pct"":433.49896459821434,""confidence"":0.8,""risk_adjusted_score"":3.467991716785715,""go_decision"":false,""recommended_tp_levels"":[{""gain_pct"":50,""sell_amount_pct"":15},{""gain_pct"":100,""sell_amount_pct"":25},{""gain_pct"":200,""sell_amount_pct"":35},{""gain_pct"":500,""sell_amount_pct"":100}],""recommended_sl"":-68,""position_size_factor"":0.07754000000000001,""notes"":""üö® Very High Bundled 60.9% | Very High Sold 63.7% | High gain potential | High risk"",""timestamp"":""2025-12-10T16:29:13.997Z"",""pairId"":50783,""model_response"":{""notes"":""üö® Very High Bundled 60.9% | Very High Sold 63.7% | High gain potential | High risk"",""symbol"":""Cloyster"",""mint_key"":""5dqhLRr7LPrba2d8iCwdxatKmD53e7n9XeTP8dtypump"",""pair_key"":""nEFirBAMd2cj9RomGvZvdba8as79Cr6XprnA4ZkQpru"",""timestamp"":""2025-12-10T16:29:13.997964"",""confidence"":0.8,""go_decision"":false,""signal_source"":""tg_early_trending"",""predicted_gain"":4.3349896459821435,""recommended_sl"":-68,""predicted_gain_pct"":433.49896459821434,""risk_adjusted_score"":3.467991716785715,""position_size_factor"":0.07754000000000001,""recommended_tp_levels"":[{""gain_pct"":50,""sell_amount_pct"":15},{""gain_pct"":100,""sell_amount_pct"":25},{""gain_pct"":200,""sell_amount_pct"":35},{""gain_pct"":500,""sell_amount_pct"":100}]},""createdAt"":""2025-12-10T16:29:14.024Z"",""updatedAt"":""2025-12-10T16:29:14.024Z""}]"
"8Qgy5wRheMB1yymqnzp1ZUv45z6UoDrww4ASDkbYpump","VC2jLPTBsZGGGY9UNcs4zCRvW1KRohZhmu6fCVNjVHr","Penny","warning","0","39388.09868324078","0","19471","3799","105","0","4.6754","28.288800000000002","0","0","0","83.33333333333334","0","0","1.1666666666666667","0.16666666666666666","2025-12-10T16:28:17.332Z","false","N/A","1.09","2025-12-10T16:30:00.682Z","solana_tracker","[{""id"":8866,""mint_key"":""8Qgy5wRheMB1yymqnzp1ZUv45z6UoDrww4ASDkbYpump"",""predicted_gain"":1.3283423341387415,""predicted_gain_pct"":132.83423341387416,""confidence"":0.8,""risk_adjusted_score"":1.0626738673109932,""go_decision"":false,""recommended_tp_levels"":[{""gain_pct"":30,""sell_amount_pct"":20},{""gain_pct"":70,""sell_amount_pct"":25},{""gain_pct"":150,""sell_amount_pct"":35},{""gain_pct"":300,""sell_amount_pct"":100}],""recommended_sl"":-45,""position_size_factor"":0.08413275111111113,""notes"":""üö® Very High Bundled 83.3% | ‚ö†Ô∏è low_vol:$3799 | High gain potential | High confidence | Low risk"",""timestamp"":""2025-12-10T16:28:29.683Z"",""pairId"":50782,""model_response"":{""notes"":""üö® Very High Bundled 83.3% | ‚ö†Ô∏è low_vol:$3799 | High gain potential | High confidence | Low risk"",""symbol"":""Penny"",""mint_key"":""8Qgy5wRheMB1yymqnzp1ZUv45z6UoDrww4ASDkbYpump"",""pair_key"":""VC2jLPTBsZGGGY9UNcs4zCRvW1KRohZhmu6fCVNjVHr"",""timestamp"":""2025-12-10T16:28:29.683872"",""confidence"":0.8,""go_decision"":false,""signal_source"":""solana_tracker"",""predicted_gain"":1.3283423341387415,""recommended_sl"":-45,""predicted_gain_pct"":132.83423341387416,""risk_adjusted_score"":1.0626738673109932,""position_size_factor"":0.08413275111111113,""recommended_tp_levels"":[{""gain_pct"":30,""sell_amount_pct"":20},{""gain_pct"":70,""sell_amount_pct"":25},{""gain_pct"":150,""sell_amount_pct"":35},{""gain_pct"":300,""sell_amount_pct"":100}]},""createdAt"":""2025-12-10T16:28:29.708Z"",""updatedAt"":""2025-12-10T16:28:29.708Z""}]"
"8Qgy5wRheMB1yymqnzp1ZUv45z6UoDrww4ASDkbYpump","VC2jLPTBsZGGGY9UNcs4zCRvW1KRohZhmu6fCVNjVHr","Penny","‚ö†Ô∏è","0","51294.00518029697","58643","22239","23501","90","17","48.506624692269234","51.86867462189425","1","0.2794527756987017","0","12.485818217663498","12.485818217663498","0","1.2","0.5","2025-12-10T16:28:26.426Z","false","N/A","0.83","2025-12-10T16:30:01.269Z","primal","[{""id"":8865,""mint_key"":""8Qgy5wRheMB1yymqnzp1ZUv45z6UoDrww4ASDkbYpump"",""predicted_gain"":0.8382952912786898,""predicted_gain_pct"":83.82952912786898,""confidence"":0.8,""risk_adjusted_score"":0.6706362330229519,""go_decision"":false,""recommended_tp_levels"":[{""gain_pct"":20,""sell_amount_pct"":25},{""gain_pct"":50,""sell_amount_pct"":30},{""gain_pct"":100,""sell_amount_pct"":35},{""gain_pct"":200,""sell_amount_pct"":100}],""recommended_sl"":-40,""position_size_factor"":0.08510144925816027,""notes"":""üö® Very High Snipers 48.5% | ‚ö†Ô∏è bundled:12.5%, few_holders:90 | High confidence | Low risk"",""timestamp"":""2025-12-10T16:28:27.103Z"",""pairId"":50781,""model_response"":{""notes"":""üö® Very High Snipers 48.5% | ‚ö†Ô∏è bundled:12.5%, few_holders:90 | High confidence | Low risk"",""symbol"":""Penny"",""mint_key"":""8Qgy5wRheMB1yymqnzp1ZUv45z6UoDrww4ASDkbYpump"",""pair_key"":""VC2jLPTBsZGGGY9UNcs4zCRvW1KRohZhmu6fCVNjVHr"",""timestamp"":""2025-12-10T16:28:27.103430"",""confidence"":0.8,""go_decision"":false,""signal_source"":""primal"",""predicted_gain"":0.8382952912786898,""recommended_sl"":-40,""predicted_gain_pct"":83.82952912786898,""risk_adjusted_score"":0.6706362330229519,""position_size_factor"":0.08510144925816027,""recommended_tp_levels"":[{""gain_pct"":20,""sell_amount_pct"":25},{""gain_pct"":50,""sell_amount_pct"":30},{""gain_pct"":100,""sell_amount_pct"":35},{""gain_pct"":200,""sell_amount_pct"":100}]},""createdAt"":""2025-12-10T16:28:27.128Z"",""updatedAt"":""2025-12-10T16:28:27.128Z""}]"
"5dqhLRr7LPrba2d8iCwdxatKmD53e7n9XeTP8dtypump","nEFirBAMd2cj9RomGvZvdba8as79Cr6XprnA4ZkQpru","Cloyster","üö®","0","59031.26424435629","61714","23822","13582","129","8","61.01016991789096","70.33246177250327","0","0","0","60.92166488699976","60.92166488699976","15.29220689095","2","0.5","2025-12-10T16:18:25.939Z","false","N/A","1.1","2025-12-10T16:30:01.716Z","primal","[{""id"":8864,""mint_key"":""5dqhLRr7LPrba2d8iCwdxatKmD53e7n9XeTP8dtypump"",""predicted_gain"":0.8301491841316833,""predicted_gain_pct"":83.01491841316833,""confidence"":0.8,""risk_adjusted_score"":0.6641193473053466,""go_decision"":false,""recommended_tp_levels"":[{""gain_pct"":20,""sell_amount_pct"":25},{""gain_pct"":50,""sell_amount_pct"":30},{""gain_pct"":100,""sell_amount_pct"":35},{""gain_pct"":200,""sell_amount_pct"":100}],""recommended_sl"":-43.00000000000001,""position_size_factor"":0.07780976668720731,""notes"":""üö® Very High Bundled 60.9% | Very High Sold 60.9% | Very High Snipers 61.0% | High confidence | High risk"",""timestamp"":""2025-12-10T16:18:27.351Z"",""pairId"":50780,""model_response"":{""notes"":""üö® Very High Bundled 60.9% | Very High Sold 60.9% | Very High Snipers 61.0% | High confidence | High risk"",""symbol"":""Cloyster"",""mint_key"":""5dqhLRr7LPrba2d8iCwdxatKmD53e7n9XeTP8dtypump"",""pair_key"":""nEFirBAMd2cj9RomGvZvdba8as79Cr6XprnA4ZkQpru"",""timestamp"":""2025-12-10T16:18:27.351384"",""confidence"":0.8,""go_decision"":false,""signal_source"":""primal"",""predicted_gain"":0.8301491841316833,""recommended_sl"":-43.00000000000001,""predicted_gain_pct"":83.01491841316833,""risk_adjusted_score"":0.6641193473053466,""position_size_factor"":0.07780976668720731,""recommended_tp_levels"":[{""gain_pct"":20,""sell_amount_pct"":25},{""gain_pct"":50,""sell_amount_pct"":30},{""gain_pct"":100,""sell_amount_pct"":35},{""gain_pct"":200,""sell_amount_pct"":100}]},""createdAt"":""2025-12-10T16:18:27.376Z"",""updatedAt"":""2025-12-10T16:18:27.376Z""}]"
"5dqhLRr7LPrba2d8iCwdxatKmD53e7n9XeTP8dtypump","nEFirBAMd2cj9RomGvZvdba8as79Cr6XprnA4ZkQpru","Cloyster","warning","0","67572.85227124486","0","25490","8326","138","0","0.6138","35.2858","0","0","0","75.75757575757575","0","15.29220689095","2","0.16666666666666666","2025-12-10T16:18:14.051Z","false","N/A","0.96","2025-12-10T16:30:02.107Z","solana_tracker","[{""id"":8863,""mint_key"":""5dqhLRr7LPrba2d8iCwdxatKmD53e7n9XeTP8dtypump"",""predicted_gain"":0.3643061040255291,""predicted_gain_pct"":36.43061040255291,""confidence"":0.8,""risk_adjusted_score"":0.2914448832204233,""go_decision"":false,""recommended_tp_levels"":[{""gain_pct"":10,""sell_amount_pct"":30},{""gain_pct"":30,""sell_amount_pct"":35},{""gain_pct"":50,""sell_amount_pct"":35},{""gain_pct"":100,""sell_amount_pct"":100}],""recommended_sl"":-35,""position_size_factor"":0.08490857494949496,""notes"":""üö® Very High Bundled 75.8% | High confidence | Low risk"",""timestamp"":""2025-12-10T16:18:26.217Z"",""pairId"":50779,""model_response"":{""notes"":""üö® Very High Bundled 75.8% | High confidence | Low risk"",""symbol"":""Cloyster"",""mint_key"":""5dqhLRr7LPrba2d8iCwdxatKmD53e7n9XeTP8dtypump"",""pair_key"":""nEFirBAMd2cj9RomGvZvdba8as79Cr6XprnA4ZkQpru"",""timestamp"":""2025-12-10T16:18:26.217799"",""confidence"":0.8,""go_decision"":false,""signal_source"":""solana_tracker"",""predicted_gain"":0.3643061040255291,""recommended_sl"":-35,""predicted_gain_pct"":36.43061040255291,""risk_adjusted_score"":0.2914448832204233,""position_size_factor"":0.08490857494949496,""recommended_tp_levels"":[{""gain_pct"":10,""sell_amount_pct"":30},{""gain_pct"":30,""sell_amount_pct"":35},{""gain_pct"":50,""sell_amount_pct"":35},{""gain_pct"":100,""sell_amount_pct"":100}]},""createdAt"":""2025-12-10T16:18:26.251Z"",""updatedAt"":""2025-12-10T16:18:26.251Z""}]"
"DxjidaYVLoXmrJQVyN48rxPNjoorTVsG3pXaSMK2pump","4E1r5gwaVNbjbDfonC1QFxCJgGAcdHDAPf6mpoWPEkvM","Cheeseburg","üö®","6","72296","81900","26600","122000","393","0","0","66","4","0","45","64.7","15.3","-18.285234576492","1.1764705882352942","6","2025-12-10T16:09:09.000Z","false","N/A","2.1","2025-12-10T16:18:01.000Z","tg_early_trending","[{""id"":8862,""mint_key"":""DxjidaYVLoXmrJQVyN48rxPNjoorTVsG3pXaSMK2pump"",""predicted_gain"":2.0953215439866986,""predicted_gain_pct"":209.53215439866986,""confidence"":0.8,""risk_adjusted_score"":1.676257235189359,""go_decision"":false,""recommended_tp_levels"":[{""gain_pct"":50,""sell_amount_pct"":15},{""gain_pct"":100,""sell_amount_pct"":25},{""gain_pct"":200,""sell_amount_pct"":35},{""gain_pct"":500,""sell_amount_pct"":100}],""recommended_sl"":-65,""position_size_factor"":0.08200000000000002,""notes"":""üö® Very High Bundled 64.7% | ‚ö†Ô∏è sold:15.3% | High gain potential"",""timestamp"":""2025-12-10T16:09:13.438Z"",""pairId"":50778,""model_response"":{""notes"":""üö® Very High Bundled 64.7% | ‚ö†Ô∏è sold:15.3% | High gain potential"",""symbol"":""Cheeseburg"",""mint_key"":""DxjidaYVLoXmrJQVyN48rxPNjoorTVsG3pXaSMK2pump"",""pair_key"":""4E1r5gwaVNbjbDfonC1QFxCJgGAcdHDAPf6mpoWPEkvM"",""timestamp"":""2025-12-10T16:09:13.438103"",""confidence"":0.8,""go_decision"":false,""signal_source"":""tg_early_trending"",""predicted_gain"":2.0953215439866986,""recommended_sl"":-65,""predicted_gain_pct"":209.53215439866986,""risk_adjusted_score"":1.676257235189359,""position_size_factor"":0.08200000000000002,""recommended_tp_levels"":[{""gain_pct"":50,""sell_amount_pct"":15},{""gain_pct"":100,""sell_amount_pct"":25},{""gain_pct"":200,""sell_amount_pct"":35},{""gain_pct"":500,""sell_amount_pct"":100}]},""createdAt"":""2025-12-10T16:09:13.463Z"",""updatedAt"":""2025-12-10T16:09:13.463Z""}]"
"DxjidaYVLoXmrJQVyN48rxPNjoorTVsG3pXaSMK2pump","4E1r5gwaVNbjbDfonC1QFxCJgGAcdHDAPf6mpoWPEkvM","Cheeseburg","white_check_mark","0","62670.10728468568","0","24490","3771","328","0","0","9.6476","0","0","0","96.42857142857143","0","0","1.8571428571428572","0.16666666666666666","2025-12-10T16:02:25.722Z","false","N/A","2.44","2025-12-10T16:30:02.474Z","solana_tracker","[{""id"":8861,""mint_key"":""DxjidaYVLoXmrJQVyN48rxPNjoorTVsG3pXaSMK2pump"",""predicted_gain"":1.9791936220271154,""predicted_gain_pct"":197.91936220271154,""confidence"":0.8,""risk_adjusted_score"":1.5833548976216925,""go_decision"":false,""recommended_tp_levels"":[{""gain_pct"":30,""sell_amount_pct"":20},{""gain_pct"":70,""sell_amount_pct"":25},{""gain_pct"":150,""sell_amount_pct"":35},{""gain_pct"":300,""sell_amount_pct"":100}],""recommended_sl"":-45,""position_size_factor"":0.08357142857142857,""notes"":""üö® Very High Bundled 96.4% | ‚ö†Ô∏è low_vol:$3771 | High gain potential | High confidence"",""timestamp"":""2025-12-10T16:02:38.883Z"",""pairId"":50777,""model_response"":{""notes"":""üö® Very High Bundled 96.4% | ‚ö†Ô∏è low_vol:$3771 | High gain potential | High confidence"",""symbol"":""Cheeseburg"",""mint_key"":""DxjidaYVLoXmrJQVyN48rxPNjoorTVsG3pXaSMK2pump"",""pair_key"":""4E1r5gwaVNbjbDfonC1QFxCJgGAcdHDAPf6mpoWPEkvM"",""timestamp"":""2025-12-10T16:02:38.883571"",""confidence"":0.8,""go_decision"":false,""signal_source"":""solana_tracker"",""predicted_gain"":1.9791936220271154,""recommended_sl"":-45,""predicted_gain_pct"":197.91936220271154,""risk_adjusted_score"":1.5833548976216925,""position_size_factor"":0.08357142857142857,""recommended_tp_levels"":[{""gain_pct"":30,""sell_amount_pct"":20},{""gain_pct"":70,""sell_amount_pct"":25},{""gain_pct"":150,""sell_amount_pct"":35},{""gain_pct"":300,""sell_amount_pct"":100}]},""createdAt"":""2025-12-10T16:02:38.921Z"",""updatedAt"":""2025-12-10T16:02:38.921Z""}]"
"DxjidaYVLoXmrJQVyN48rxPNjoorTVsG3pXaSMK2pump","4E1r5gwaVNbjbDfonC1QFxCJgGAcdHDAPf6mpoWPEkvM","Cheeseburg","‚ö†Ô∏è","0","60819.418689095364","65012","24120","56619","299","0","0","34.2642899688988","0","0","0","15.328571428571399","11.496428571428599","0","1.6","0.5","2025-12-10T16:02:32.460Z","false","N/A","2.52","2025-12-10T16:30:02.824Z","primal","[{""id"":8860,""mint_key"":""DxjidaYVLoXmrJQVyN48rxPNjoorTVsG3pXaSMK2pump"",""predicted_gain"":1.326952032392129,""predicted_gain_pct"":132.6952032392129,""confidence"":0.8,""risk_adjusted_score"":1.0615616259137033,""go_decision"":false,""recommended_tp_levels"":[{""gain_pct"":30,""sell_amount_pct"":20},{""gain_pct"":70,""sell_amount_pct"":25},{""gain_pct"":150,""sell_amount_pct"":35},{""gain_pct"":300,""sell_amount_pct"":100}],""recommended_sl"":-45,""position_size_factor"":0.08821166666666667,""notes"":""‚ö†Ô∏è bundled:15.3% | High gain potential | High confidence | Low risk"",""timestamp"":""2025-12-10T16:02:33.014Z"",""pairId"":50776,""model_response"":{""notes"":""‚ö†Ô∏è bundled:15.3% | High gain potential | High confidence | Low risk"",""symbol"":""Cheeseburg"",""mint_key"":""DxjidaYVLoXmrJQVyN48rxPNjoorTVsG3pXaSMK2pump"",""pair_key"":""4E1r5gwaVNbjbDfonC1QFxCJgGAcdHDAPf6mpoWPEkvM"",""timestamp"":""2025-12-10T16:02:33.014911"",""confidence"":0.8,""go_decision"":false,""signal_source"":""primal"",""predicted_gain"":1.326952032392129,""recommended_sl"":-45,""predicted_gain_pct"":132.6952032392129,""risk_adjusted_score"":1.0615616259137033,""position_size_factor"":0.08821166666666667,""recommended_tp_levels"":[{""gain_pct"":30,""sell_amount_pct"":20},{""gain_pct"":70,""sell_amount_pct"":25},{""gain_pct"":150,""sell_amount_pct"":35},{""gain_pct"":300,""sell_amount_pct"":100}]},""createdAt"":""2025-12-10T16:02:33.040Z"",""updatedAt"":""2025-12-10T16:02:33.040Z""}]"
"AwZwYGtkr1pw29Ad6K1Qct8rHY97YMd8LxeUD1cRpump","BCGELETzi2k484zcMfsVKfyHoAwiuLLV1yNK8xrwSVFb","RFM","‚úÖ","7","62643","77300","24500","43100","202","0","0","19","7","0","0","3.4","3.4","9.8128964009321","1.1007194244604317","7","2025-12-10T16:02:09.000Z","false","N/A","0","N/A","tg_early_trending","[{""id"":8859,""mint_key"":""AwZwYGtkr1pw29Ad6K1Qct8rHY97YMd8LxeUD1cRpump"",""predicted_gain"":1.086797508167596,""predicted_gain_pct"":108.67975081675961,""confidence"":0.8,""risk_adjusted_score"":0.8694380065340769,""go_decision"":true,""recommended_tp_levels"":[{""gain_pct"":30,""sell_amount_pct"":20},{""gain_pct"":70,""sell_amount_pct"":25},{""gain_pct"":150,""sell_amount_pct"":35},{""gain_pct"":300,""sell_amount_pct"":100}],""recommended_sl"":-60,""position_size_factor"":0.08932000000000001,""notes"":""High gain potential | High confidence | Low risk"",""timestamp"":""2025-12-10T16:02:18.141Z"",""pairId"":50775,""model_response"":{""notes"":""High gain potential | High confidence | Low risk"",""symbol"":""RFM"",""mint_key"":""AwZwYGtkr1pw29Ad6K1Qct8rHY97YMd8LxeUD1cRpump"",""pair_key"":""BCGELETzi2k484zcMfsVKfyHoAwiuLLV1yNK8xrwSVFb"",""timestamp"":""2025-12-10T16:02:18.141480"",""confidence"":0.8,""go_decision"":true,""signal_source"":""tg_early_trending"",""predicted_gain"":1.086797508167596,""recommended_sl"":-60,""predicted_gain_pct"":108.67975081675961,""risk_adjusted_score"":0.8694380065340769,""position_size_factor"":0.08932000000000001,""recommended_tp_levels"":[{""gain_pct"":30,""sell_amount_pct"":20},{""gain_pct"":70,""sell_amount_pct"":25},{""gain_pct"":150,""sell_amount_pct"":35},{""gain_pct"":300,""sell_amount_pct"":100}]},""createdAt"":""2025-12-10T16:02:18.163Z"",""updatedAt"":""2025-12-10T16:02:18.163Z""}]"