"trade_id","task","coin_id","mint_key","pair_key","signal_market_cap","bought_market_cap","sold_market_cap","total_invested_sol","total_invested_usd","profit_usd","return_pct","max_return","source","passed_branch","orders_history","trading_score","take_profit_1","take_profit_2","take_profit_3","take_profit_4","take_profit_5","take_profit_6","stop_loss_1","stop_loss_2","stop_loss_3","stop_loss_4","stop_loss_5","stop_loss_6","trailing_stop_loss_1","trailing_stop_loss_2","trailing_stop_loss_3","trailing_stop_loss_4","trailing_stop_loss_5","trailing_stop_loss_6","trailing_stop_loss_fix_gap_1","trailing_stop_loss_fix_gap_2","trailing_stop_loss_fix_gap_3","trailing_stop_loss_fix_gap_4","trailing_stop_loss_fix_gap_5","trailing_stop_loss_fix_gap_6","top_up_1","top_up_2","top_up_3","top_up_4","top_up_5","top_up_6"
"71199","Trace_24H-Phillip","KFH","GQx3p7aTHLQHDqzFR3c1QSk1Qhy2hz4YbAnkjdXtpump","HuScYGYLeb6YipcroVyiZ74GqS41FgT3dCVGgLFi6XNH","80476","45408","12984","0.00003636799998601737","0.0046264071506726895","-0.007235012201961273","-153.25","0","whale",,"[{""orderName"":""stop_loss_1"",""completed"":false,""executedTime"":""N/A"",""triggeredTime"":""N/A""},{""orderName"":""take_profit_1"",""completed"":false,""executedTime"":""N/A"",""triggeredTime"":""N/A""}]","{""notes"":""✅ Passed all filters: conf=0.80, risk-adj=678.00"",""symbol"":""KFH"",""mint_key"":""GQx3p7aTHLQHDqzFR3c1QSk1Qhy2hz4YbAnkjdXtpump"",""pair_key"":""HuScYGYLeb6YipcroVyiZ74GqS41FgT3dCVGgLFi6XNH"",""timestamp"":""2025-12-15T00:35:26.528878"",""confidence"":0.8,""go_decision"":true,""signal_source"":""primal"",""predicted_gain"":847.4968206476439,""recommended_sl"":-25,""trace_trade_id"":null,""trace_registered"":false,""predicted_gain_pct"":84749.68206476439,""risk_adjusted_score"":677.9974565181151,""position_size_factor"":0.08764920720280148,""recommended_tp_levels"":[{""gain_pct"":50,""sell_amount_pct"":15},{""gain_pct"":100,""sell_amount_pct"":25},{""gain_pct"":200,""sell_amount_pct"":35},{""gain_pct"":500,""sell_amount_pct"":100}]}","false","true","false","false","false","false","false","N/A","N/A","N/A","N/A","N/A","false","N/A","N/A","N/A","N/A","N/A","N/A","N/A","N/A","N/A","N/A","N/A","false","false","false","N/A","N/A","N/A"
"71203","Trace_24H-Phillip","Products","GWGbA2gJJL66PP41dxTrgZMtauCL4ZeFgAeyKLM9pump","91LjgBDrx2YREM96wsL3FAJFthyEkYTJ9peibzpXLaY5","28181","30610","17097","0.000045053999930831174","0.0056912132470721445","-0.006440641337253257","-108.98","0","tg_early_trending",,"[{""orderName"":""take_profit_1"",""completed"":false,""executedTime"":""N/A"",""triggeredTime"":""N/A""},{""orderName"":""stop_loss_1"",""completed"":false,""executedTime"":""N/A"",""triggeredTime"":""N/A""}]","{""notes"":""✅ Passed all filters: conf=0.80, risk-adj=800.56"",""symbol"":""Products"",""mint_key"":""GWGbA2gJJL66PP41dxTrgZMtauCL4ZeFgAeyKLM9pump"",""pair_key"":""91LjgBDrx2YREM96wsL3FAJFthyEkYTJ9peibzpXLaY5"",""timestamp"":""2025-12-15T00:57:09.511871"",""confidence"":0.8,""go_decision"":true,""signal_source"":""tg_early_trending"",""predicted_gain"":1000.7041704282892,""recommended_sl"":-25,""trace_trade_id"":null,""trace_registered"":false,""predicted_gain_pct"":100070.41704282892,""risk_adjusted_score"":800.5633363426314,""position_size_factor"":0.08750000000000001,""recommended_tp_levels"":[{""gain_pct"":50,""sell_amount_pct"":15},{""gain_pct"":100,""sell_amount_pct"":25},{""gain_pct"":200,""sell_amount_pct"":35},{""gain_pct"":500,""sell_amount_pct"":100}]}","false","false","false","false","false","false","false","N/A","N/A","N/A","N/A","N/A","false","N/A","N/A","N/A","N/A","N/A","N/A","N/A","N/A","N/A","N/A","N/A","false","false","false","N/A","N/A","N/A"
"71317","AI-Phillip","POLYD","iATcGSt9DhJF9ZiJ6dmR153N7bW2G4J9dSSDxWSpump","GTosKGJF3LhXe8vDVcBXPcH78AwAhzPYnV4Kd4GEDrVg","82721","87565","65867","0.003717326998972949","0.4701517894364183","0.01542386588339945","3.15","0","whale",,"[{""orderName"":""take_profit_1"",""completed"":true,""executedTime"":""2025-12-15T22:21:05.000Z"",""triggeredTime"":""2025-12-15T22:21:05.258Z""},{""orderName"":""take_profit_4"",""completed"":false,""executedTime"":""N/A"",""triggeredTime"":""N/A""},{""orderName"":""take_profit_3"",""completed"":false,""executedTime"":""N/A"",""triggeredTime"":""N/A""},{""orderName"":""stop_loss_1"",""completed"":true,""executedTime"":""2025-12-16T01:03:58.000Z"",""triggeredTime"":""2025-12-16T01:03:58.540Z""},{""orderName"":""take_profit_2"",""completed"":true,""executedTime"":""2025-12-15T22:21:51.000Z"",""triggeredTime"":""2025-12-15T22:21:51.150Z""}]","{""notes"":""✅ ALL STRICT filters passed: conf=0.80, risk-adj=8.00"",""symbol"":""POLYD"",""mint_key"":""iATcGSt9DhJF9ZiJ6dmR153N7bW2G4J9dSSDxWSpump"",""pair_key"":""GTosKGJF3LhXe8vDVcBXPcH78AwAhzPYnV4Kd4GEDrVg"",""timestamp"":""2025-12-15T22:10:55.831800"",""confidence"":0.8,""go_decision"":true,""signal_source"":""whale"",""predicted_gain"":10,""recommended_sl"":-25,""trace_trade_id"":null,""trace_registered"":false,""predicted_gain_pct"":1000,""risk_adjusted_score"":8,""position_size_factor"":0.07800000000000001,""recommended_tp_levels"":[{""gain_pct"":30,""sell_amount_pct"":25},{""gain_pct"":50,""sell_amount_pct"":25},{""gain_pct"":100,""sell_amount_pct"":30},{""gain_pct"":200,""sell_amount_pct"":100}]}","true","true","false","false","false","false","true","N/A","N/A","N/A","N/A","N/A","false","N/A","N/A","N/A","N/A","N/A","N/A","N/A","N/A","N/A","N/A","N/A","false","false","false","N/A","N/A","N/A"
"71206","Trace_24H-Phillip","Seal","9Z8G3yYyiJpGX9aheaA4e1FrDZMBQoLZGszSyFMqpump","4NfJPdn33HRFkRCTqAuXcPfeF2XHVb1oAHPbgmsAB6cH","56917","58319","3048","0.00004327600002301718","0.005470103964632583","-0.009180129985639541","-163.94","0","tg_early_trending",,"[{""orderName"":""stop_loss_1"",""completed"":false,""executedTime"":""N/A"",""triggeredTime"":""N/A""},{""orderName"":""take_profit_1"",""completed"":false,""executedTime"":""N/A"",""triggeredTime"":""N/A""}]","{""notes"":""✅ Passed all filters: conf=0.80, risk-adj=513.92 | ⚠️ bundled:26%, sold:26%"",""symbol"":""Seal"",""mint_key"":""9Z8G3yYyiJpGX9aheaA4e1FrDZMBQoLZGszSyFMqpump"",""pair_key"":""4NfJPdn33HRFkRCTqAuXcPfeF2XHVb1oAHPbgmsAB6cH"",""timestamp"":""2025-12-15T01:07:14.527025"",""confidence"":0.8,""go_decision"":true,""signal_source"":""tg_early_trending"",""predicted_gain"":642.4006894692476,""recommended_sl"":-45,""trace_trade_id"":null,""trace_registered"":false,""predicted_gain_pct"":64240.06894692476,""risk_adjusted_score"":513.9205515753981,""position_size_factor"":0.05,""recommended_tp_levels"":[{""gain_pct"":50,""sell_amount_pct"":15},{""gain_pct"":100,""sell_amount_pct"":25},{""gain_pct"":200,""sell_amount_pct"":35},{""gain_pct"":500,""sell_amount_pct"":100}]}","false","false","false","false","false","false","false","N/A","N/A","N/A","N/A","N/A","false","N/A","N/A","N/A","N/A","N/A","N/A","N/A","N/A","N/A","N/A","N/A","false","false","false","N/A","N/A","N/A"
"71323","AI-Phillip","OGOS","V4r8PV7HFY4uprTVUqhr1iwXbm1Lhpj1wFNVQtPpump","BUdk1ZBFCuGxP5hPAHvaZtJHaecQ6yQ21NLaN5brvefg","88717","87640","64034","0.003322831000534941","0.41739499604861313","-0.060671205606235526","-14.09","0","whale",,"[{""orderName"":""take_profit_2"",""completed"":false,""executedTime"":""N/A"",""triggeredTime"":""N/A""},{""orderName"":""stop_loss_1"",""completed"":true,""executedTime"":""2025-12-16T01:30:47.000Z"",""triggeredTime"":""2025-12-16T01:30:48.028Z""},{""orderName"":""take_profit_4"",""completed"":false,""executedTime"":""N/A"",""triggeredTime"":""N/A""},{""orderName"":""take_profit_3"",""completed"":false,""executedTime"":""N/A"",""triggeredTime"":""N/A""},{""orderName"":""take_profit_1"",""completed"":true,""executedTime"":""2025-12-16T01:08:43.000Z"",""triggeredTime"":""2025-12-16T01:08:43.508Z""}]","{""notes"":""✅ ALL STRICT filters passed: conf=0.80, risk-adj=8.00"",""symbol"":""OGOS"",""mint_key"":""V4r8PV7HFY4uprTVUqhr1iwXbm1Lhpj1wFNVQtPpump"",""pair_key"":""BUdk1ZBFCuGxP5hPAHvaZtJHaecQ6yQ21NLaN5brvefg"",""timestamp"":""2025-12-16T01:02:38.611772"",""confidence"":0.8,""go_decision"":true,""signal_source"":""whale"",""predicted_gain"":10,""recommended_sl"":-25,""trace_trade_id"":null,""trace_registered"":false,""predicted_gain_pct"":1000,""risk_adjusted_score"":8,""position_size_factor"":0.07800000000000001,""recommended_tp_levels"":[{""gain_pct"":30,""sell_amount_pct"":25},{""gain_pct"":50,""sell_amount_pct"":25},{""gain_pct"":100,""sell_amount_pct"":30},{""gain_pct"":200,""sell_amount_pct"":100}]}","true","false","false","false","false","false","true","N/A","N/A","N/A","N/A","N/A","false","N/A","N/A","N/A","N/A","N/A","N/A","N/A","N/A","N/A","N/A","N/A","false","false","false","N/A","N/A","N/A"
"71211","Trace_24H-Phillip","PoopCoin","DiYN8kHL4yxaR8dCMtNz8DYXZkxP3qxNnS56cZi9pump","Aj6NpaonXisNizKPHLeD34Fbbrno69drYu8TKJVSSSRC","62042","60368","3569","0.00004110400000724464","0.005197191131092187","-0.00893500322337464","-166.85","0","tg_early_trending",,"[{""orderName"":""take_profit_1"",""completed"":false,""executedTime"":""N/A"",""triggeredTime"":""N/A""},{""orderName"":""stop_loss_1"",""completed"":false,""executedTime"":""N/A"",""triggeredTime"":""N/A""}]","{""notes"":""✅ Passed all filters: conf=0.80, risk-adj=721.43"",""symbol"":""PoopCoin"",""mint_key"":""DiYN8kHL4yxaR8dCMtNz8DYXZkxP3qxNnS56cZi9pump"",""pair_key"":""Aj6NpaonXisNizKPHLeD34Fbbrno69drYu8TKJVSSSRC"",""timestamp"":""2025-12-15T01:54:11.014975"",""confidence"":0.8,""go_decision"":true,""signal_source"":""tg_early_trending"",""predicted_gain"":901.7924212427749,""recommended_sl"":-25,""trace_trade_id"":null,""trace_registered"":false,""predicted_gain_pct"":90179.24212427749,""risk_adjusted_score"":721.43393699422,""position_size_factor"":0.08725333333333335,""recommended_tp_levels"":[{""gain_pct"":50,""sell_amount_pct"":15},{""gain_pct"":100,""sell_amount_pct"":25},{""gain_pct"":200,""sell_amount_pct"":35},{""gain_pct"":500,""sell_amount_pct"":100}]}","false","true","false","false","false","false","false","N/A","N/A","N/A","N/A","N/A","false","N/A","N/A","N/A","N/A","N/A","N/A","N/A","N/A","N/A","N/A","N/A","false","false","false","N/A","N/A","N/A"
"71215","Trace_24H-Phillip","CHUBBY","8fXYvBbdCQ26JPUyu1R1tyqrSfdTzM3rSPv7RWddpump","91kF1LBhSBTdJEWMyDtWTysFzXk7RhD4wkkQoVVbQQHH","102097","58258","3908","0.00004174599997546949","0.005295167174461636","-0.009021882689924062","-164.88","0","whale",,"[{""orderName"":""stop_loss_1"",""completed"":false,""executedTime"":""N/A"",""triggeredTime"":""N/A""},{""orderName"":""take_profit_1"",""completed"":false,""executedTime"":""N/A"",""triggeredTime"":""N/A""}]","{""notes"":""✅ Passed all filters: conf=0.80, risk-adj=682.44"",""symbol"":""CHUBBY"",""mint_key"":""8fXYvBbdCQ26JPUyu1R1tyqrSfdTzM3rSPv7RWddpump"",""pair_key"":""91kF1LBhSBTdJEWMyDtWTysFzXk7RhD4wkkQoVVbQQHH"",""timestamp"":""2025-12-15T02:43:13.561381"",""confidence"":0.8,""go_decision"":true,""signal_source"":""tg_early_trending"",""predicted_gain"":853.0490626257258,""recommended_sl"":-25,""trace_trade_id"":null,""trace_registered"":false,""predicted_gain_pct"":85304.90626257258,""risk_adjusted_score"":682.4392501005807,""position_size_factor"":0.0877,""recommended_tp_levels"":[{""gain_pct"":50,""sell_amount_pct"":15},{""gain_pct"":100,""sell_amount_pct"":25},{""gain_pct"":200,""sell_amount_pct"":35},{""gain_pct"":500,""sell_amount_pct"":100}]}","false","false","false","false","false","false","false","N/A","N/A","N/A","N/A","N/A","false","N/A","N/A","N/A","N/A","N/A","N/A","N/A","N/A","N/A","N/A","N/A","false","false","false","N/A","N/A","N/A"
"71218","Trace_24H-Phillip","Rob Reiner","2ZvD1RMVujdfsRanmMPNVS7n5e2xUSMEUmzdYUQUpump","5n85CQYUCAcsr8U1RiLo4ivVAuHaeLHhg6srXk2kTQMe","32701","33897","4118","0.000042695000033206806","0.0054116480226484055","-0.008810975872970292","-157.64","0","tg_early_trending",,"[{""orderName"":""take_profit_1"",""completed"":false,""executedTime"":""N/A"",""triggeredTime"":""N/A""},{""orderName"":""stop_loss_1"",""completed"":false,""executedTime"":""N/A"",""triggeredTime"":""N/A""}]","{""notes"":""✅ Passed all filters: conf=0.80, risk-adj=865.72 | ⚠️ snipers:42%"",""symbol"":""Rob Reiner"",""mint_key"":""2ZvD1RMVujdfsRanmMPNVS7n5e2xUSMEUmzdYUQUpump"",""pair_key"":""5n85CQYUCAcsr8U1RiLo4ivVAuHaeLHhg6srXk2kTQMe"",""timestamp"":""2025-12-15T02:59:10.728499"",""confidence"":0.8,""go_decision"":true,""signal_source"":""tg_early_trending"",""predicted_gain"":1082.1453429160308,""recommended_sl"":-45,""trace_trade_id"":null,""trace_registered"":false,""predicted_gain_pct"":108214.53429160308,""risk_adjusted_score"":865.7162743328247,""position_size_factor"":0.05,""recommended_tp_levels"":[{""gain_pct"":50,""sell_amount_pct"":15},{""gain_pct"":100,""sell_amount_pct"":25},{""gain_pct"":200,""sell_amount_pct"":35},{""gain_pct"":500,""sell_amount_pct"":100}]}","false","true","false","false","false","false","false","N/A","N/A","N/A","N/A","N/A","false","N/A","N/A","N/A","N/A","N/A","N/A","N/A","N/A","N/A","N/A","N/A","false","false","false","N/A","N/A","N/A"
"71224","Trace_24H-Phillip","TAPCAT","6h3oM5EcmUKJKJT2KahxyZ6ttDb3uWZWE8tJXurJpump","G29DtEuSJrTzrgCs5MNtDZLqrV7p9wgDpPtVq51x6wq1","84927","46576","30433","0.0000383109999600188","0.004810416832974479","-0.005593945123928565","-109.96","0","whale",,"[{""orderName"":""take_profit_1"",""completed"":false,""executedTime"":""N/A"",""triggeredTime"":""N/A""},{""orderName"":""stop_loss_1"",""completed"":false,""executedTime"":""N/A"",""triggeredTime"":""N/A""}]","{""notes"":""✅ Passed all filters: conf=0.80, risk-adj=852.52"",""symbol"":""TAPCAT"",""mint_key"":""6h3oM5EcmUKJKJT2KahxyZ6ttDb3uWZWE8tJXurJpump"",""pair_key"":""G29DtEuSJrTzrgCs5MNtDZLqrV7p9wgDpPtVq51x6wq1"",""timestamp"":""2025-12-15T03:36:54.614600"",""confidence"":0.8,""go_decision"":true,""signal_source"":""primal"",""predicted_gain"":1065.6527920524159,""recommended_sl"":-25,""trace_trade_id"":null,""trace_registered"":false,""predicted_gain_pct"":106565.27920524159,""risk_adjusted_score"":852.5222336419328,""position_size_factor"":0.0880434065869714,""recommended_tp_levels"":[{""gain_pct"":50,""sell_amount_pct"":15},{""gain_pct"":100,""sell_amount_pct"":25},{""gain_pct"":200,""sell_amount_pct"":35},{""gain_pct"":500,""sell_amount_pct"":100}]}","false","true","false","false","false","false","false","N/A","N/A","N/A","N/A","N/A","false","N/A","N/A","N/A","N/A","N/A","N/A","N/A","N/A","N/A","N/A","N/A","false","false","false","N/A","N/A","N/A"
"71227","Trace_24H-Phillip","Reiners","mDXvvTPdT96WQ8gV71HnENjuHcYSUPdvcq7SJetpump","CbYviMJd4fwNFXCoGhyhyxnLkbpeHrV21NGnFtMK8h86","30143","30059","8529","0.00004242999998387158","0.005345322410592629","-0.00784453508187091","-141.15","0","tg_early_trending",,"[{""orderName"":""stop_loss_1"",""completed"":false,""executedTime"":""N/A"",""triggeredTime"":""N/A""},{""orderName"":""take_profit_1"",""completed"":false,""executedTime"":""N/A"",""triggeredTime"":""N/A""}]","{""notes"":""✅ Passed all filters: conf=0.80, risk-adj=716.58"",""symbol"":""Reiners"",""mint_key"":""mDXvvTPdT96WQ8gV71HnENjuHcYSUPdvcq7SJetpump"",""pair_key"":""CbYviMJd4fwNFXCoGhyhyxnLkbpeHrV21NGnFtMK8h86"",""timestamp"":""2025-12-15T03:44:10.150647"",""confidence"":0.8,""go_decision"":true,""signal_source"":""tg_early_trending"",""predicted_gain"":895.7213082954208,""recommended_sl"":-25,""trace_trade_id"":null,""trace_registered"":false,""predicted_gain_pct"":89572.13082954209,""risk_adjusted_score"":716.5770466363367,""position_size_factor"":0.0865,""recommended_tp_levels"":[{""gain_pct"":50,""sell_amount_pct"":15},{""gain_pct"":100,""sell_amount_pct"":25},{""gain_pct"":200,""sell_amount_pct"":35},{""gain_pct"":500,""sell_amount_pct"":100}]}","false","true","false","false","false","false","false","N/A","N/A","N/A","N/A","N/A","false","N/A","N/A","N/A","N/A","N/A","N/A","N/A","N/A","N/A","N/A","N/A","false","false","false","N/A","N/A","N/A"
"71330","AI-Phillip","poopin","CvufzC5ZzVuC39P1bLCfcVbFpqsmiv3LSVnVjPUNpump","9PPEAD8bPFLQt7691Hjq6ckwr8HY2HTArN5kSCMx8XDT","105051","103798","77741","0.0032476409983526753","0.4092922546210635","-0.015899492424042407","-4","0","whale",,"[{""orderName"":""take_profit_3"",""completed"":false,""executedTime"":""N/A"",""triggeredTime"":""N/A""},{""orderName"":""take_profit_4"",""completed"":false,""executedTime"":""N/A"",""triggeredTime"":""N/A""},{""orderName"":""stop_loss_1"",""completed"":true,""executedTime"":""2025-12-16T03:50:01.000Z"",""triggeredTime"":""2025-12-16T03:50:01.097Z""},{""orderName"":""take_profit_2"",""completed"":true,""executedTime"":""2025-12-16T03:29:57.000Z"",""triggeredTime"":""2025-12-16T03:29:57.464Z""},{""orderName"":""take_profit_1"",""completed"":true,""executedTime"":""2025-12-16T03:27:42.000Z"",""triggeredTime"":""2025-12-16T03:27:42.089Z""}]","{""notes"":""✅ ALL STRICT filters passed: conf=0.80, risk-adj=8.00"",""symbol"":""poopin"",""mint_key"":""CvufzC5ZzVuC39P1bLCfcVbFpqsmiv3LSVnVjPUNpump"",""pair_key"":""9PPEAD8bPFLQt7691Hjq6ckwr8HY2HTArN5kSCMx8XDT"",""timestamp"":""2025-12-16T03:27:33.250948"",""confidence"":0.8,""go_decision"":true,""signal_source"":""whale"",""predicted_gain"":10,""recommended_sl"":-25,""trace_trade_id"":null,""trace_registered"":false,""predicted_gain_pct"":1000,""risk_adjusted_score"":8,""position_size_factor"":0.07800000000000001,""recommended_tp_levels"":[{""gain_pct"":30,""sell_amount_pct"":25},{""gain_pct"":50,""sell_amount_pct"":25},{""gain_pct"":100,""sell_amount_pct"":30},{""gain_pct"":200,""sell_amount_pct"":100}]}","true","true","false","false","false","false","true","N/A","N/A","N/A","N/A","N/A","false","N/A","N/A","N/A","N/A","N/A","N/A","N/A","N/A","N/A","N/A","N/A","false","false","false","N/A","N/A","N/A"
"71230","Trace_24H-Phillip","0xSolana","HASQtUFNbqeXHMgkt5trBXsVnNhN7pj2xvwvZDkppump","G2J7TnuVerzzStVLQEJxvxrbm3EM3JqRg5D72vMtwYLP","51987.113070283","55453","3552","0.000045466999953015086","0.005751688567534277","-0.009467808519645734","-159.32","0","solana_tracker",,"[{""orderName"":""stop_loss_1"",""completed"":false,""executedTime"":""N/A"",""triggeredTime"":""N/A""},{""orderName"":""take_profit_1"",""completed"":false,""executedTime"":""N/A"",""triggeredTime"":""N/A""}]","{""notes"":""✅ Passed all filters: conf=0.80, risk-adj=765.97"",""symbol"":""0xSolana"",""mint_key"":""HASQtUFNbqeXHMgkt5trBXsVnNhN7pj2xvwvZDkppump"",""pair_key"":""G2J7TnuVerzzStVLQEJxvxrbm3EM3JqRg5D72vMtwYLP"",""timestamp"":""2025-12-15T04:11:27.727943"",""confidence"":0.8,""go_decision"":true,""signal_source"":""primal"",""predicted_gain"":957.4683051935351,""recommended_sl"":-25,""trace_trade_id"":null,""trace_registered"":false,""predicted_gain_pct"":95746.8305193535,""risk_adjusted_score"":765.9746441548282,""position_size_factor"":0.08765397930410809,""recommended_tp_levels"":[{""gain_pct"":50,""sell_amount_pct"":15},{""gain_pct"":100,""sell_amount_pct"":25},{""gain_pct"":200,""sell_amount_pct"":35},{""gain_pct"":500,""sell_amount_pct"":100}]}","false","false","false","false","false","false","false","N/A","N/A","N/A","N/A","N/A","false","N/A","N/A","N/A","N/A","N/A","N/A","N/A","N/A","N/A","N/A","N/A","false","false","false","N/A","N/A","N/A"
"71232","Trace_24H-Phillip","SOULPIX","5RcAPk3wFyR58Ec66zkAuBAxQYi6kVLZUBofNxCWpump","36t3bBKm2hnM24E1amLUK7jkRXV1hjmUeWY1vu3DLsaV","37231","45729","2583","0.000038504000009263745","0.004851867424410158","-0.00862888628618413","-172.03","0","tg_early_trending",,"[{""orderName"":""take_profit_1"",""completed"":false,""executedTime"":""N/A"",""triggeredTime"":""N/A""},{""orderName"":""stop_loss_1"",""completed"":false,""executedTime"":""N/A"",""triggeredTime"":""N/A""}]","{""notes"":""✅ Passed all filters: conf=0.80, risk-adj=682.09"",""symbol"":""SOULPIX"",""mint_key"":""5RcAPk3wFyR58Ec66zkAuBAxQYi6kVLZUBofNxCWpump"",""pair_key"":""36t3bBKm2hnM24E1amLUK7jkRXV1hjmUeWY1vu3DLsaV"",""timestamp"":""2025-12-15T04:23:58.169276"",""confidence"":0.8,""go_decision"":true,""signal_source"":""primal"",""predicted_gain"":852.6143999268673,""recommended_sl"":-25,""trace_trade_id"":null,""trace_registered"":false,""predicted_gain_pct"":85261.43999268673,""risk_adjusted_score"":682.091519941494,""position_size_factor"":0.08925990428722178,""recommended_tp_levels"":[{""gain_pct"":50,""sell_amount_pct"":15},{""gain_pct"":100,""sell_amount_pct"":25},{""gain_pct"":200,""sell_amount_pct"":35},{""gain_pct"":500,""sell_amount_pct"":100}]}","false","false","false","false","false","false","false","N/A","N/A","N/A","N/A","N/A","false","N/A","N/A","N/A","N/A","N/A","N/A","N/A","N/A","N/A","N/A","N/A","false","false","false","N/A","N/A","N/A"
"71334","AI-Phillip","Elizabeth","9VGbgMoRqXEoA6rBU3CLzrXNzpsHAEuo1JTw7RNTpump","6ihMmnNqtkQYigDLM4oVgEuASYxHJw4JE8K2QutZCqvf","83890","86583","46638","0.002175525998696546","0.273418468084463","-0.13017661855761742","-47.43","0","whale",,"[{""orderName"":""take_profit_3"",""completed"":false,""executedTime"":""N/A"",""triggeredTime"":""N/A""},{""orderName"":""take_profit_1"",""completed"":false,""executedTime"":""N/A"",""triggeredTime"":""N/A""},{""orderName"":""take_profit_2"",""completed"":false,""executedTime"":""N/A"",""triggeredTime"":""N/A""},{""orderName"":""take_profit_4"",""completed"":false,""executedTime"":""N/A"",""triggeredTime"":""N/A""},{""orderName"":""stop_loss_1"",""completed"":true,""executedTime"":""2025-12-16T04:39:28.000Z"",""triggeredTime"":""2025-12-16T04:39:28.590Z""}]","{""notes"":""✅ ALL STRICT filters passed: conf=0.80, risk-adj=8.00 | ⚠️ snipers:32%"",""symbol"":""Elizabeth"",""mint_key"":""9VGbgMoRqXEoA6rBU3CLzrXNzpsHAEuo1JTw7RNTpump"",""pair_key"":""6ihMmnNqtkQYigDLM4oVgEuASYxHJw4JE8K2QutZCqvf"",""timestamp"":""2025-12-16T04:23:32.924045"",""confidence"":0.8,""go_decision"":true,""signal_source"":""whale"",""predicted_gain"":10,""recommended_sl"":-45,""trace_trade_id"":null,""trace_registered"":false,""predicted_gain_pct"":1000,""risk_adjusted_score"":8,""position_size_factor"":0.05,""recommended_tp_levels"":[{""gain_pct"":30,""sell_amount_pct"":25},{""gain_pct"":50,""sell_amount_pct"":25},{""gain_pct"":100,""sell_amount_pct"":30},{""gain_pct"":200,""sell_amount_pct"":100}]}","false","false","false","false","false","false","true","N/A","N/A","N/A","N/A","N/A","false","N/A","N/A","N/A","N/A","N/A","N/A","N/A","N/A","N/A","N/A","N/A","false","false","false","N/A","N/A","N/A"
"71235","Trace_24H-Phillip","FSX","82mSw24TxU8Q7kRkXMj4Ey3jaHKLYgWxoRdEA256pump","6VZhRn2SvoFZULt7arS5xb5cPXQ8CfytvxSeSr1z6fBb","56452","57297","140670","0.00004282299996687089","0.005394494028828159","0.004349895420968068","87.08","0","tg_early_trending",,"[{""orderName"":""take_profit_1"",""completed"":false,""executedTime"":""N/A"",""triggeredTime"":""N/A""},{""orderName"":""stop_loss_1"",""completed"":false,""executedTime"":""N/A"",""triggeredTime"":""N/A""}]","{""notes"":""✅ Passed all filters: conf=0.80, risk-adj=680.77"",""symbol"":""FSX"",""mint_key"":""82mSw24TxU8Q7kRkXMj4Ey3jaHKLYgWxoRdEA256pump"",""pair_key"":""6VZhRn2SvoFZULt7arS5xb5cPXQ8CfytvxSeSr1z6fBb"",""timestamp"":""2025-12-15T04:57:08.473473"",""confidence"":0.8,""go_decision"":true,""signal_source"":""tg_early_trending"",""predicted_gain"":850.9639520114548,""recommended_sl"":-35,""trace_trade_id"":null,""trace_registered"":false,""predicted_gain_pct"":85096.39520114548,""risk_adjusted_score"":680.7711616091639,""position_size_factor"":0.08889000000000001,""recommended_tp_levels"":[{""gain_pct"":50,""sell_amount_pct"":15},{""gain_pct"":100,""sell_amount_pct"":25},{""gain_pct"":200,""sell_amount_pct"":35},{""gain_pct"":500,""sell_amount_pct"":100}]}","false","true","false","false","false","false","false","N/A","N/A","N/A","N/A","N/A","false","N/A","N/A","N/A","N/A","N/A","N/A","N/A","N/A","N/A","N/A","N/A","false","false","false","N/A","N/A","N/A"
"71237","Trace_24H-Phillip","REVINU","6djg6WVpxHhzjXKPKZA2U1xYFjJm53ayphV1ZQ3qpump","9nKnpxBajBMJ94HgVCQNiRCEccT3RyrrstARSTMMApA8","43037.80901227528","42190","2449","0.00004084600003893181","0.0051551645335773865","-0.008958944586973395","-167.37","0","solana_tracker",,"[{""orderName"":""take_profit_1"",""completed"":false,""executedTime"":""N/A"",""triggeredTime"":""N/A""},{""orderName"":""stop_loss_1"",""completed"":false,""executedTime"":""N/A"",""triggeredTime"":""N/A""}]","{""notes"":""✅ Passed all filters: conf=0.80, risk-adj=636.88"",""symbol"":""REVINU"",""mint_key"":""6djg6WVpxHhzjXKPKZA2U1xYFjJm53ayphV1ZQ3qpump"",""pair_key"":""9nKnpxBajBMJ94HgVCQNiRCEccT3RyrrstARSTMMApA8"",""timestamp"":""2025-12-15T05:29:09.779207"",""confidence"":0.8,""go_decision"":true,""signal_source"":""primal"",""predicted_gain"":796.0949059313479,""recommended_sl"":-25,""trace_trade_id"":null,""trace_registered"":false,""predicted_gain_pct"":79609.49059313479,""risk_adjusted_score"":636.8759247450784,""position_size_factor"":0.08664466715272384,""recommended_tp_levels"":[{""gain_pct"":50,""sell_amount_pct"":15},{""gain_pct"":100,""sell_amount_pct"":25},{""gain_pct"":200,""sell_amount_pct"":35},{""gain_pct"":500,""sell_amount_pct"":100}]}","false","false","false","false","false","false","false","N/A","N/A","N/A","N/A","N/A","false","N/A","N/A","N/A","N/A","N/A","N/A","N/A","N/A","N/A","N/A","N/A","false","false","false","N/A","N/A","N/A"
"71240","Trace_24H-Phillip","Clankerton","6eg6hvWohHFK15SKZfegX5Jhb6yxfvH9RyoGRRgi5aGa","ESuLcaeYBr7ks6yQBLpzfsnu77VkZmQJgwDzUYYXxCHK","48020.910422060566","44734","2306","0.00003527100005065099","0.004454746179354609","-0.008282068362167716","-179.68","0","primal",,"[{""orderName"":""stop_loss_1"",""completed"":false,""executedTime"":""N/A"",""triggeredTime"":""N/A""},{""orderName"":""take_profit_1"",""completed"":false,""executedTime"":""N/A"",""triggeredTime"":""N/A""}]","{""notes"":""✅ Passed all filters: conf=0.80, risk-adj=822.27"",""symbol"":""Clankerton"",""mint_key"":""6eg6hvWohHFK15SKZfegX5Jhb6yxfvH9RyoGRRgi5aGa"",""pair_key"":""ESuLcaeYBr7ks6yQBLpzfsnu77VkZmQJgwDzUYYXxCHK"",""timestamp"":""2025-12-15T05:39:56.220480"",""confidence"":0.8,""go_decision"":true,""signal_source"":""primal"",""predicted_gain"":1027.8402084561667,""recommended_sl"":-35,""trace_trade_id"":null,""trace_registered"":false,""predicted_gain_pct"":102784.02084561667,""risk_adjusted_score"":822.2721667649334,""position_size_factor"":0.08821531252420417,""recommended_tp_levels"":[{""gain_pct"":50,""sell_amount_pct"":15},{""gain_pct"":100,""sell_amount_pct"":25},{""gain_pct"":200,""sell_amount_pct"":35},{""gain_pct"":500,""sell_amount_pct"":100}]}","false","true","true","true","false","false","false","N/A","N/A","N/A","N/A","N/A","false","N/A","N/A","N/A","N/A","N/A","N/A","N/A","N/A","N/A","N/A","N/A","false","false","false","N/A","N/A","N/A"
"71242","Trace_24H-Phillip","Coin","HHXZDBEoHzabtR6hcihkfGuiEMSphePPyfvK5KDDpump","FhAoTnP9zPBRHLcWwLVvbwDHBUVdfjSucxV64DXdstGa","54723.86913923781","57656","2455","0.000047973000033233564","0.00606080327835107","-0.009923756975167966","-158.09","0","solana_tracker",,"[{""orderName"":""take_profit_1"",""completed"":false,""executedTime"":""N/A"",""triggeredTime"":""N/A""},{""orderName"":""stop_loss_1"",""completed"":false,""executedTime"":""N/A"",""triggeredTime"":""N/A""}]","{""notes"":""✅ Passed all filters: conf=0.80, risk-adj=691.81"",""symbol"":""Coin"",""mint_key"":""HHXZDBEoHzabtR6hcihkfGuiEMSphePPyfvK5KDDpump"",""pair_key"":""FhAoTnP9zPBRHLcWwLVvbwDHBUVdfjSucxV64DXdstGa"",""timestamp"":""2025-12-15T05:53:55.708216"",""confidence"":0.8,""go_decision"":true,""signal_source"":""primal"",""predicted_gain"":864.7586868145129,""recommended_sl"":-25,""trace_trade_id"":null,""trace_registered"":false,""predicted_gain_pct"":86475.86868145129,""risk_adjusted_score"":691.8069494516103,""position_size_factor"":0.08668912583261296,""recommended_tp_levels"":[{""gain_pct"":50,""sell_amount_pct"":15},{""gain_pct"":100,""sell_amount_pct"":25},{""gain_pct"":200,""sell_amount_pct"":35},{""gain_pct"":500,""sell_amount_pct"":100}]}","false","false","false","false","false","false","false","N/A","N/A","N/A","N/A","N/A","false","N/A","N/A","N/A","N/A","N/A","N/A","N/A","N/A","N/A","N/A","N/A","false","false","false","N/A","N/A","N/A"
"71329","Trace_24H-Phillip","poopin","CvufzC5ZzVuC39P1bLCfcVbFpqsmiv3LSVnVjPUNpump","9PPEAD8bPFLQt7691Hjq6ckwr8HY2HTArN5kSCMx8XDT","105051","103800","173062","0.000040596999997311434","0.00512921991287842","-0.000372870998741553","-7.9","0","whale",,"[{""orderName"":""stop_loss_1"",""completed"":false,""executedTime"":""N/A"",""triggeredTime"":""N/A""},{""orderName"":""take_profit_1"",""completed"":true,""executedTime"":""2025-12-16T06:01:33.000Z"",""triggeredTime"":""2025-12-16T06:01:33.524Z""}]","{""notes"":""✅ ALL STRICT filters passed: conf=0.80, risk-adj=8.00"",""symbol"":""poopin"",""mint_key"":""CvufzC5ZzVuC39P1bLCfcVbFpqsmiv3LSVnVjPUNpump"",""pair_key"":""9PPEAD8bPFLQt7691Hjq6ckwr8HY2HTArN5kSCMx8XDT"",""timestamp"":""2025-12-16T03:27:33.250948"",""confidence"":0.8,""go_decision"":true,""signal_source"":""whale"",""predicted_gain"":10,""recommended_sl"":-25,""trace_trade_id"":null,""trace_registered"":false,""predicted_gain_pct"":1000,""risk_adjusted_score"":8,""position_size_factor"":0.07800000000000001,""recommended_tp_levels"":[{""gain_pct"":30,""sell_amount_pct"":25},{""gain_pct"":50,""sell_amount_pct"":25},{""gain_pct"":100,""sell_amount_pct"":30},{""gain_pct"":200,""sell_amount_pct"":100}]}","true","false","false","false","false","false","false","N/A","N/A","N/A","N/A","N/A","false","N/A","N/A","N/A","N/A","N/A","N/A","N/A","N/A","N/A","N/A","N/A","false","false","false","N/A","N/A","N/A"
"71343","AI-Phillip","Associate","51wXpCUTTwGyB58GGrDj2fVSsGAMxQ7r1c86uf1ipump","9m5WzbhkGS2jrrWDfMpuPCMcENTmt1eWydWaqcgi6jPu","58382.73873626857","51957","28266","0.0024014619996180144","0.30478778895039166","0.026258383121477866","8.62","0","solana_tracker",,"[{""orderName"":""take_profit_4"",""completed"":false,""executedTime"":""N/A"",""triggeredTime"":""N/A""},{""orderName"":""stop_loss_1"",""completed"":true,""executedTime"":""2025-12-16T07:18:49.000Z"",""triggeredTime"":""2025-12-16T07:18:49.013Z""},{""orderName"":""take_profit_3"",""completed"":true,""executedTime"":""2025-12-16T06:30:01.000Z"",""triggeredTime"":""2025-12-16T06:30:01.278Z""},{""orderName"":""take_profit_2"",""completed"":true,""executedTime"":""2025-12-16T06:29:50.000Z"",""triggeredTime"":""2025-12-16T06:29:50.117Z""},{""orderName"":""take_profit_1"",""completed"":true,""executedTime"":""2025-12-16T06:29:29.000Z"",""triggeredTime"":""2025-12-16T06:29:29.128Z""}]","{""notes"":""✅ ALL STRICT filters passed: conf=0.80, risk-adj=8.00 | ⚠️ bundled:27%, sold:27%, snipers:31%"",""symbol"":""Associate"",""mint_key"":""51wXpCUTTwGyB58GGrDj2fVSsGAMxQ7r1c86uf1ipump"",""pair_key"":""9m5WzbhkGS2jrrWDfMpuPCMcENTmt1eWydWaqcgi6jPu"",""timestamp"":""2025-12-16T06:26:53.318795"",""confidence"":0.8,""go_decision"":true,""signal_source"":""primal"",""predicted_gain"":10,""recommended_sl"":-45,""trace_trade_id"":null,""trace_registered"":false,""predicted_gain_pct"":1000,""risk_adjusted_score"":8,""position_size_factor"":0.05,""recommended_tp_levels"":[{""gain_pct"":30,""sell_amount_pct"":25},{""gain_pct"":50,""sell_amount_pct"":25},{""gain_pct"":100,""sell_amount_pct"":30},{""gain_pct"":200,""sell_amount_pct"":100}]}","true","true","true","false","false","false","true","N/A","N/A","N/A","N/A","N/A","false","N/A","N/A","N/A","N/A","N/A","N/A","N/A","N/A","N/A","N/A","N/A","false","false","false","N/A","N/A","N/A"
"71352","AI-Phillip","nichecoin","GpFPS7E8cj7FuTSevq91tKzpQtGEhSKhAQLWsyDHpump","8Y8MjgnirR7bqCXRNxXb8dfPTZMgZ6nCTj6SfES1BTtN","47599.7167297063","45510","23783","0.002384552003230447","0.30148391788558054","-0.1499625837513053","-49.53","0","primal",,"[{""orderName"":""take_profit_1"",""completed"":false,""executedTime"":""N/A"",""triggeredTime"":""N/A""},{""orderName"":""take_profit_3"",""completed"":false,""executedTime"":""N/A"",""triggeredTime"":""N/A""},{""orderName"":""take_profit_4"",""completed"":false,""executedTime"":""N/A"",""triggeredTime"":""N/A""},{""orderName"":""stop_loss_1"",""completed"":true,""executedTime"":""2025-12-16T07:39:51.000Z"",""triggeredTime"":""2025-12-16T07:39:38.207Z""},{""orderName"":""take_profit_2"",""completed"":false,""executedTime"":""N/A"",""triggeredTime"":""N/A""}]","{""notes"":""✅ ALL STRICT filters passed: conf=0.80, risk-adj=8.00 | ⚠️ snipers:34%"",""symbol"":""nichecoin"",""mint_key"":""GpFPS7E8cj7FuTSevq91tKzpQtGEhSKhAQLWsyDHpump"",""pair_key"":""8Y8MjgnirR7bqCXRNxXb8dfPTZMgZ6nCTj6SfES1BTtN"",""timestamp"":""2025-12-16T07:28:16.898711"",""confidence"":0.8,""go_decision"":true,""signal_source"":""primal"",""predicted_gain"":10,""recommended_sl"":-45,""trace_trade_id"":null,""trace_registered"":false,""predicted_gain_pct"":1000,""risk_adjusted_score"":8,""position_size_factor"":0.05,""recommended_tp_levels"":[{""gain_pct"":30,""sell_amount_pct"":25},{""gain_pct"":50,""sell_amount_pct"":25},{""gain_pct"":100,""sell_amount_pct"":30},{""gain_pct"":200,""sell_amount_pct"":100}]}","false","false","false","false","false","false","true","N/A","N/A","N/A","N/A","N/A","false","N/A","N/A","N/A","N/A","N/A","N/A","N/A","N/A","N/A","N/A","N/A","false","false","false","N/A","N/A","N/A"
"71358","AI-Phillip","Jotchua","EXHoQysVCRcyPcoZ65r7J6ULTgBms611QnWt1BUXpump","3KiFfNvaWrXFj78QdwuFV9HBMtd2amfuazsJMc9uuUCN","57814","50346","32127","0.002333090000848663","0.29394700770073817","-0.11199760055408767","-38.19","0","tg_early_trending",,"[{""orderName"":""stop_loss_1"",""completed"":true,""executedTime"":""2025-12-16T08:16:43.000Z"",""triggeredTime"":""2025-12-16T08:16:43.092Z""},{""orderName"":""take_profit_4"",""completed"":false,""executedTime"":""N/A"",""triggeredTime"":""N/A""},{""orderName"":""take_profit_3"",""completed"":false,""executedTime"":""N/A"",""triggeredTime"":""N/A""},{""orderName"":""take_profit_2"",""completed"":false,""executedTime"":""N/A"",""triggeredTime"":""N/A""},{""orderName"":""take_profit_1"",""completed"":false,""executedTime"":""N/A"",""triggeredTime"":""N/A""}]","{""notes"":""✅ ALL STRICT filters passed: conf=0.80, risk-adj=8.00"",""symbol"":""Jotchua"",""mint_key"":""EXHoQysVCRcyPcoZ65r7J6ULTgBms611QnWt1BUXpump"",""pair_key"":""3KiFfNvaWrXFj78QdwuFV9HBMtd2amfuazsJMc9uuUCN"",""timestamp"":""2025-12-16T08:07:13.414643"",""confidence"":0.8,""go_decision"":true,""signal_source"":""primal"",""predicted_gain"":10,""recommended_sl"":-35,""trace_trade_id"":null,""trace_registered"":false,""predicted_gain_pct"":1000,""risk_adjusted_score"":8,""position_size_factor"":0.07674817292170064,""recommended_tp_levels"":[{""gain_pct"":30,""sell_amount_pct"":25},{""gain_pct"":50,""sell_amount_pct"":25},{""gain_pct"":100,""sell_amount_pct"":30},{""gain_pct"":200,""sell_amount_pct"":100}]}","false","false","false","false","false","false","true","N/A","N/A","N/A","N/A","N/A","false","N/A","N/A","N/A","N/A","N/A","N/A","N/A","N/A","N/A","N/A","N/A","false","false","false","N/A","N/A","N/A"
"71365","AI-Phillip","MINIYOHEI","J5J5GU9xwHsuRXBMyjo7T4AgMaCJMtQW5WuYeqm3pump","AfTLxNxkZSNvykt9q6MPh3X5pkZH7LhSzPQhzu6oR9bg","54669","48710","29215","0.003153926997445032","0.39831117695373325","-0.019805868977692875","-5.07","0","tg_early_trending",,"[{""orderName"":""take_profit_4"",""completed"":false,""executedTime"":""N/A"",""triggeredTime"":""N/A""},{""orderName"":""take_profit_1"",""completed"":true,""executedTime"":""2025-12-16T08:45:32.000Z"",""triggeredTime"":""2025-12-16T08:45:33.051Z""},{""orderName"":""stop_loss_1"",""completed"":true,""executedTime"":""2025-12-16T08:54:07.000Z"",""triggeredTime"":""2025-12-16T08:53:53.322Z""},{""orderName"":""take_profit_2"",""completed"":true,""executedTime"":""2025-12-16T08:46:06.000Z"",""triggeredTime"":""2025-12-16T08:46:05.992Z""},{""orderName"":""take_profit_3"",""completed"":false,""executedTime"":""N/A"",""triggeredTime"":""N/A""}]","{""notes"":""✅ ALL STRICT filters passed: conf=0.80, risk-adj=8.00"",""symbol"":""MINIYOHEI"",""mint_key"":""J5J5GU9xwHsuRXBMyjo7T4AgMaCJMtQW5WuYeqm3pump"",""pair_key"":""AfTLxNxkZSNvykt9q6MPh3X5pkZH7LhSzPQhzu6oR9bg"",""timestamp"":""2025-12-16T08:43:22.125938"",""confidence"":0.8,""go_decision"":true,""signal_source"":""primal"",""predicted_gain"":10,""recommended_sl"":-35,""trace_trade_id"":null,""trace_registered"":false,""predicted_gain_pct"":1000,""risk_adjusted_score"":8,""position_size_factor"":0.07670522269962962,""recommended_tp_levels"":[{""gain_pct"":30,""sell_amount_pct"":25},{""gain_pct"":50,""sell_amount_pct"":25},{""gain_pct"":100,""sell_amount_pct"":30},{""gain_pct"":200,""sell_amount_pct"":100}]}","true","true","false","false","false","false","true","N/A","N/A","N/A","N/A","N/A","false","N/A","N/A","N/A","N/A","N/A","N/A","N/A","N/A","N/A","N/A","N/A","false","false","false","N/A","N/A","N/A"
"71371","AI-Phillip","DaD","6D42hddbBV7zXXBKSdvYRXMtHJQCo5jeZ2Tpwt1pump","FKjU3h1HVMGkgnnzyquKR1kzmjJtd57o8ysZxLNjWihS","174651","162290","482832","0.002986515999174236","0.37732587455221417","0.4320506114651982","114.44","0","tg_early_trending",,"[{""orderName"":""take_profit_2"",""completed"":true,""executedTime"":""2025-12-16T09:37:57.000Z"",""triggeredTime"":""2025-12-16T09:37:57.308Z""},{""orderName"":""take_profit_3"",""completed"":true,""executedTime"":""2025-12-16T09:40:22.000Z"",""triggeredTime"":""2025-12-16T09:40:22.192Z""},{""orderName"":""stop_loss_1"",""completed"":false,""executedTime"":""N/A"",""triggeredTime"":""N/A""},{""orderName"":""take_profit_1"",""completed"":true,""executedTime"":""2025-12-16T09:37:48.000Z"",""triggeredTime"":""2025-12-16T09:37:48.176Z""},{""orderName"":""take_profit_4"",""completed"":true,""executedTime"":""2025-12-16T09:43:06.000Z"",""triggeredTime"":""2025-12-16T09:43:06.057Z""}]","{""notes"":""✅ ALL STRICT filters passed: conf=0.80, risk-adj=5.16"",""symbol"":""DaD"",""mint_key"":""6D42hddbBV7zXXBKSdvYRXMtHJQCo5jeZ2Tpwt1pump"",""pair_key"":""FKjU3h1HVMGkgnnzyquKR1kzmjJtd57o8ysZxLNjWihS"",""timestamp"":""2025-12-16T09:36:45.649953"",""confidence"":0.8,""go_decision"":true,""signal_source"":""primal"",""predicted_gain"":6.447663730538333,""recommended_sl"":-35,""trace_trade_id"":null,""trace_registered"":false,""predicted_gain_pct"":644.7663730538334,""risk_adjusted_score"":5.158130984430667,""position_size_factor"":0.07616616076855784,""recommended_tp_levels"":[{""gain_pct"":30,""sell_amount_pct"":25},{""gain_pct"":50,""sell_amount_pct"":25},{""gain_pct"":100,""sell_amount_pct"":30},{""gain_pct"":200,""sell_amount_pct"":100}]}","true","true","true","true","false","false","false","N/A","N/A","N/A","N/A","N/A","false","N/A","N/A","N/A","N/A","N/A","N/A","N/A","N/A","N/A","N/A","N/A","false","false","false","N/A","N/A","N/A"
"71368","AI-Phillip","PETCARD","pQaShXU9QjfkDK6TJZBe3mjybAiQhDvzVVTpsWJpump","EMsMGhKrGGxp4xTN5qMz728GSei9RpSAo8WRW257x6UZ","95025","65841","155978","0.001483399000501489","0.18736119131137696","0.16305035063926035","86.98","0","tg_early_trending",,"[{""orderName"":""take_profit_3"",""completed"":true,""executedTime"":""2025-12-16T09:22:10.000Z"",""triggeredTime"":""2025-12-16T09:22:11.119Z""},{""orderName"":""take_profit_1"",""completed"":true,""executedTime"":""2025-12-16T09:19:50.000Z"",""triggeredTime"":""2025-12-16T09:19:50.344Z""},{""orderName"":""take_profit_2"",""completed"":true,""executedTime"":""2025-12-16T09:19:51.000Z"",""triggeredTime"":""2025-12-16T09:19:50.344Z""},{""orderName"":""take_profit_4"",""completed"":true,""executedTime"":""2025-12-16T09:48:31.000Z"",""triggeredTime"":""2025-12-16T09:48:31.617Z""},{""orderName"":""stop_loss_1"",""completed"":false,""executedTime"":""N/A"",""triggeredTime"":""N/A""}]","{""notes"":""✅ ALL STRICT filters passed: conf=0.80, risk-adj=8.00 | ⚠️ snipers:32%"",""symbol"":""PETCARD"",""mint_key"":""pQaShXU9QjfkDK6TJZBe3mjybAiQhDvzVVTpsWJpump"",""pair_key"":""EMsMGhKrGGxp4xTN5qMz728GSei9RpSAo8WRW257x6UZ"",""timestamp"":""2025-12-16T09:19:04.732351"",""confidence"":0.8,""go_decision"":true,""signal_source"":""primal"",""predicted_gain"":10,""recommended_sl"":-45,""trace_trade_id"":null,""trace_registered"":false,""predicted_gain_pct"":1000,""risk_adjusted_score"":8,""position_size_factor"":0.05,""recommended_tp_levels"":[{""gain_pct"":30,""sell_amount_pct"":25},{""gain_pct"":50,""sell_amount_pct"":25},{""gain_pct"":100,""sell_amount_pct"":30},{""gain_pct"":200,""sell_amount_pct"":100}]}","true","true","true","true","false","false","false","N/A","N/A","N/A","N/A","N/A","false","N/A","N/A","N/A","N/A","N/A","N/A","N/A","N/A","N/A","N/A","N/A","false","false","false","N/A","N/A","N/A"
"71367","Trace_24H-Phillip","PETCARD","pQaShXU9QjfkDK6TJZBe3mjybAiQhDvzVVTpsWJpump","EMsMGhKrGGxp4xTN5qMz728GSei9RpSAo8WRW257x6UZ","95025","65631","130488","0.00003438300003163989","0.004340256978877716","-0.001391428626965588","-32.1","0","tg_early_trending",,"[{""orderName"":""take_profit_1"",""completed"":true,""executedTime"":""2025-12-16T09:50:06.000Z"",""triggeredTime"":""2025-12-16T09:50:06.257Z""},{""orderName"":""stop_loss_1"",""completed"":false,""executedTime"":""N/A"",""triggeredTime"":""N/A""}]","{""notes"":""✅ ALL STRICT filters passed: conf=0.80, risk-adj=8.00 | ⚠️ snipers:32%"",""symbol"":""PETCARD"",""mint_key"":""pQaShXU9QjfkDK6TJZBe3mjybAiQhDvzVVTpsWJpump"",""pair_key"":""EMsMGhKrGGxp4xTN5qMz728GSei9RpSAo8WRW257x6UZ"",""timestamp"":""2025-12-16T09:19:04.732351"",""confidence"":0.8,""go_decision"":true,""signal_source"":""primal"",""predicted_gain"":10,""recommended_sl"":-45,""trace_trade_id"":null,""trace_registered"":false,""predicted_gain_pct"":1000,""risk_adjusted_score"":8,""position_size_factor"":0.05,""recommended_tp_levels"":[{""gain_pct"":30,""sell_amount_pct"":25},{""gain_pct"":50,""sell_amount_pct"":25},{""gain_pct"":100,""sell_amount_pct"":30},{""gain_pct"":200,""sell_amount_pct"":100}]}","true","false","false","false","false","false","false","N/A","N/A","N/A","N/A","N/A","false","N/A","N/A","N/A","N/A","N/A","N/A","N/A","N/A","N/A","N/A","N/A","false","false","false","N/A","N/A","N/A"
"71370","Trace_24H-Phillip","DaD","6D42hddbBV7zXXBKSdvYRXMtHJQCo5jeZ2Tpwt1pump","FKjU3h1HVMGkgnnzyquKR1kzmjJtd57o8ysZxLNjWihS","174651","153092","1708931","0.00003691499998892753","0.0046688558247471494","0.043506808157228696","932","0","tg_early_trending",,"[{""orderName"":""stop_loss_1"",""completed"":false,""executedTime"":""N/A"",""triggeredTime"":""N/A""},{""orderName"":""take_profit_1"",""completed"":true,""executedTime"":""2025-12-16T10:08:37.000Z"",""triggeredTime"":""2025-12-16T10:08:36.868Z""}]","{""notes"":""✅ ALL STRICT filters passed: conf=0.80, risk-adj=5.16"",""symbol"":""DaD"",""mint_key"":""6D42hddbBV7zXXBKSdvYRXMtHJQCo5jeZ2Tpwt1pump"",""pair_key"":""FKjU3h1HVMGkgnnzyquKR1kzmjJtd57o8ysZxLNjWihS"",""timestamp"":""2025-12-16T09:36:45.649953"",""confidence"":0.8,""go_decision"":true,""signal_source"":""primal"",""predicted_gain"":6.447663730538333,""recommended_sl"":-35,""trace_trade_id"":null,""trace_registered"":false,""predicted_gain_pct"":644.7663730538334,""risk_adjusted_score"":5.158130984430667,""position_size_factor"":0.07616616076855784,""recommended_tp_levels"":[{""gain_pct"":30,""sell_amount_pct"":25},{""gain_pct"":50,""sell_amount_pct"":25},{""gain_pct"":100,""sell_amount_pct"":30},{""gain_pct"":200,""sell_amount_pct"":100}]}","true","true","true","true","false","false","false","N/A","N/A","N/A","N/A","N/A","false","N/A","N/A","N/A","N/A","N/A","N/A","N/A","N/A","N/A","N/A","N/A","false","false","false","N/A","N/A","N/A"
"71385","AI-Phillip","pippicat","6Yc8tfY7jWYhTUoeyRHFQN3MgAoGpWKizuZFkByfpump","GoczVDmJXGW7PfZS3TDosLVmmzGFjrCDfRqv9G7jVkQ1","89247","72210","2581","0.0024467349986338387","0.3144215941834785","-0.12815978242916265","-40.58","0","whale",,"[{""orderName"":""take_profit_3"",""completed"":false,""executedTime"":""N/A"",""triggeredTime"":""N/A""},{""orderName"":""take_profit_4"",""completed"":false,""executedTime"":""N/A"",""triggeredTime"":""N/A""},{""orderName"":""take_profit_1"",""completed"":true,""executedTime"":""2025-12-16T12:25:25.000Z"",""triggeredTime"":""2025-12-16T12:25:25.365Z""},{""orderName"":""take_profit_2"",""completed"":true,""executedTime"":""2025-12-16T12:28:28.000Z"",""triggeredTime"":""2025-12-16T12:28:28.285Z""},{""orderName"":""stop_loss_1"",""completed"":true,""executedTime"":""2025-12-16T12:51:36.000Z"",""triggeredTime"":""2025-12-16T12:51:23.009Z""}]","{""notes"":""✅ ALL STRICT filters passed: conf=0.80, risk-adj=8.00 | ⚠️ snipers:31%"",""symbol"":""pippicat"",""mint_key"":""6Yc8tfY7jWYhTUoeyRHFQN3MgAoGpWKizuZFkByfpump"",""pair_key"":""GoczVDmJXGW7PfZS3TDosLVmmzGFjrCDfRqv9G7jVkQ1"",""timestamp"":""2025-12-16T12:17:01.637199"",""confidence"":0.8,""go_decision"":true,""signal_source"":""primal"",""predicted_gain"":10,""recommended_sl"":-45,""trace_trade_id"":null,""trace_registered"":false,""predicted_gain_pct"":1000,""risk_adjusted_score"":8,""position_size_factor"":0.05,""recommended_tp_levels"":[{""gain_pct"":30,""sell_amount_pct"":25},{""gain_pct"":50,""sell_amount_pct"":25},{""gain_pct"":100,""sell_amount_pct"":30},{""gain_pct"":200,""sell_amount_pct"":100}]}","true","true","false","false","false","false","true","N/A","N/A","N/A","N/A","N/A","false","N/A","N/A","N/A","N/A","N/A","N/A","N/A","N/A","N/A","N/A","N/A","false","false","false","N/A","N/A","N/A"
"71389","AI-Phillip","RFL","GfnLY14MfkgRFKzG7S2BCgfVRVNqFr2ncEdsQrCRpump","BFKh4LQ4GVKY7eCUX2xEgC16bktf3bdx2fzaTgpZAb7u","81538","97454","63339","0.0027167770001363424","0.3489249240875811","-0.12952957009564428","-37.18","0","whale",,"[{""orderName"":""take_profit_3"",""completed"":false,""executedTime"":""N/A"",""triggeredTime"":""N/A""},{""orderName"":""take_profit_2"",""completed"":false,""executedTime"":""N/A"",""triggeredTime"":""N/A""},{""orderName"":""take_profit_1"",""completed"":false,""executedTime"":""N/A"",""triggeredTime"":""N/A""},{""orderName"":""stop_loss_1"",""completed"":true,""executedTime"":""2025-12-16T12:53:23.000Z"",""triggeredTime"":""2025-12-16T12:53:10.138Z""},{""orderName"":""take_profit_4"",""completed"":false,""executedTime"":""N/A"",""triggeredTime"":""N/A""}]","{""notes"":""✅ ALL STRICT filters passed: conf=0.80, risk-adj=8.00"",""symbol"":""RFL"",""mint_key"":""GfnLY14MfkgRFKzG7S2BCgfVRVNqFr2ncEdsQrCRpump"",""pair_key"":""BFKh4LQ4GVKY7eCUX2xEgC16bktf3bdx2fzaTgpZAb7u"",""timestamp"":""2025-12-16T12:51:22.970477"",""confidence"":0.8,""go_decision"":true,""signal_source"":""whale"",""predicted_gain"":10,""recommended_sl"":-35,""trace_trade_id"":null,""trace_registered"":false,""predicted_gain_pct"":1000,""risk_adjusted_score"":8,""position_size_factor"":0.07800000000000001,""recommended_tp_levels"":[{""gain_pct"":30,""sell_amount_pct"":25},{""gain_pct"":50,""sell_amount_pct"":25},{""gain_pct"":100,""sell_amount_pct"":30},{""gain_pct"":200,""sell_amount_pct"":100}]}","false","false","false","false","false","false","true","N/A","N/A","N/A","N/A","N/A","false","N/A","N/A","N/A","N/A","N/A","N/A","N/A","N/A","N/A","N/A","N/A","false","false","false","N/A","N/A","N/A"
"71393","AI-Phillip","FUZOZO","HLw45Yk6n2cN5TSTuQexnutHJh8g8ZnfD7x82YXipump","Fz4ZHbKfdY3d2TwGaFZ5HXsECoTqDuAotGP4RTqNDRKn","32503","52441","20480","0.003604796002983581","0.46337353429581224","-0.28787974203800887","-62.23","0","tg_early_trending",,"[{""orderName"":""take_profit_1"",""completed"":false,""executedTime"":""N/A"",""triggeredTime"":""N/A""},{""orderName"":""take_profit_4"",""completed"":false,""executedTime"":""N/A"",""triggeredTime"":""N/A""},{""orderName"":""take_profit_3"",""completed"":false,""executedTime"":""N/A"",""triggeredTime"":""N/A""},{""orderName"":""stop_loss_1"",""completed"":true,""executedTime"":""2025-12-16T12:54:19.000Z"",""triggeredTime"":""2025-12-16T12:54:06.249Z""},{""orderName"":""take_profit_2"",""completed"":false,""executedTime"":""N/A"",""triggeredTime"":""N/A""}]","{""notes"":""✅ ALL STRICT filters passed: conf=0.80, risk-adj=8.00"",""symbol"":""FUZOZO"",""mint_key"":""HLw45Yk6n2cN5TSTuQexnutHJh8g8ZnfD7x82YXipump"",""pair_key"":""Fz4ZHbKfdY3d2TwGaFZ5HXsECoTqDuAotGP4RTqNDRKn"",""timestamp"":""2025-12-16T12:52:57.423028"",""confidence"":0.8,""go_decision"":true,""signal_source"":""primal"",""predicted_gain"":10,""recommended_sl"":-35,""trace_trade_id"":null,""trace_registered"":false,""predicted_gain_pct"":1000,""risk_adjusted_score"":8,""position_size_factor"":0.07721770495718697,""recommended_tp_levels"":[{""gain_pct"":30,""sell_amount_pct"":25},{""gain_pct"":50,""sell_amount_pct"":25},{""gain_pct"":100,""sell_amount_pct"":30},{""gain_pct"":200,""sell_amount_pct"":100}]}","false","false","false","false","false","false","true","N/A","N/A","N/A","N/A","N/A","false","N/A","N/A","N/A","N/A","N/A","N/A","N/A","N/A","N/A","N/A","N/A","false","false","false","N/A","N/A","N/A"
"71363","AI-Phillip","Memeverse","8mBhF1ZYUr96wGFDrenvSqZLaotSDvonKEaVPdsMpump","2Y7nSBMK3TXmRULg6dwurECqH9SwBeYQim4S6XsMZmWS","85709","79068","41833","0.002251055999802702","0.2890508541023387","-0.03579038284358518","-13.14","0","whale",,"[{""orderName"":""stop_loss_1"",""completed"":true,""executedTime"":""2025-12-16T13:01:14.000Z"",""triggeredTime"":""2025-12-16T13:01:14.469Z""},{""orderName"":""take_profit_2"",""completed"":true,""executedTime"":""2025-12-16T09:22:41.000Z"",""triggeredTime"":""2025-12-16T09:22:41.519Z""},{""orderName"":""take_profit_4"",""completed"":false,""executedTime"":""N/A"",""triggeredTime"":""N/A""},{""orderName"":""take_profit_3"",""completed"":false,""executedTime"":""N/A"",""triggeredTime"":""N/A""},{""orderName"":""take_profit_1"",""completed"":true,""executedTime"":""2025-12-16T09:17:37.000Z"",""triggeredTime"":""2025-12-16T09:17:37.437Z""}]","{""notes"":""✅ ALL STRICT filters passed: conf=0.80, risk-adj=8.00 | ⚠️ bundled:20%"",""symbol"":""Memeverse"",""mint_key"":""8mBhF1ZYUr96wGFDrenvSqZLaotSDvonKEaVPdsMpump"",""pair_key"":""2Y7nSBMK3TXmRULg6dwurECqH9SwBeYQim4S6XsMZmWS"",""timestamp"":""2025-12-16T08:36:36.663559"",""confidence"":0.8,""go_decision"":true,""signal_source"":""whale"",""predicted_gain"":10,""recommended_sl"":-45,""trace_trade_id"":null,""trace_registered"":false,""predicted_gain_pct"":1000,""risk_adjusted_score"":8,""position_size_factor"":0.05,""recommended_tp_levels"":[{""gain_pct"":30,""sell_amount_pct"":25},{""gain_pct"":50,""sell_amount_pct"":25},{""gain_pct"":100,""sell_amount_pct"":30},{""gain_pct"":200,""sell_amount_pct"":100}]}","true","true","false","false","false","false","true","N/A","N/A","N/A","N/A","N/A","false","N/A","N/A","N/A","N/A","N/A","N/A","N/A","N/A","N/A","N/A","N/A","false","false","false","N/A","N/A","N/A"
"71397","AI-Phillip","GEN7IC","GGEDQr4S6wWKqt1r5Gav4XnDBvh2Sgy99WFdp93upump","5yDPthB5cV6yenVJRdPqm9RVmLtYPYGejoz2Qwsu8wAd","57971","53334","31757","0.0021130470019218076","0.2705545968429445","-0.11516408310310774","-41.41","0","tg_early_trending",,"[{""orderName"":""stop_loss_1"",""completed"":true,""executedTime"":""2025-12-16T13:34:25.000Z"",""triggeredTime"":""2025-12-16T13:34:24.291Z""},{""orderName"":""take_profit_2"",""completed"":false,""executedTime"":""N/A"",""triggeredTime"":""N/A""},{""orderName"":""take_profit_3"",""completed"":false,""executedTime"":""N/A"",""triggeredTime"":""N/A""},{""orderName"":""take_profit_4"",""completed"":false,""executedTime"":""N/A"",""triggeredTime"":""N/A""},{""orderName"":""take_profit_1"",""completed"":false,""executedTime"":""N/A"",""triggeredTime"":""N/A""}]","{""notes"":""✅ ALL STRICT filters passed: conf=0.80, risk-adj=8.00 | ⚠️ snipers:27%"",""symbol"":""GEN7IC"",""mint_key"":""GGEDQr4S6wWKqt1r5Gav4XnDBvh2Sgy99WFdp93upump"",""pair_key"":""5yDPthB5cV6yenVJRdPqm9RVmLtYPYGejoz2Qwsu8wAd"",""timestamp"":""2025-12-16T13:25:21.327347"",""confidence"":0.8,""go_decision"":true,""signal_source"":""primal"",""predicted_gain"":10,""recommended_sl"":-45,""trace_trade_id"":null,""trace_registered"":false,""predicted_gain_pct"":1000,""risk_adjusted_score"":8,""position_size_factor"":0.05,""recommended_tp_levels"":[{""gain_pct"":30,""sell_amount_pct"":25},{""gain_pct"":50,""sell_amount_pct"":25},{""gain_pct"":100,""sell_amount_pct"":30},{""gain_pct"":200,""sell_amount_pct"":100}]}","false","false","false","false","false","false","true","N/A","N/A","N/A","N/A","N/A","false","N/A","N/A","N/A","N/A","N/A","N/A","N/A","N/A","N/A","N/A","N/A","false","false","false","N/A","N/A","N/A"
"71399","AI-Phillip","KFA","fmsrLn7eLXa7MGdLVMCk2XF6itve7dCNQQe6P9Xpump","EY8PESWM2uaZUpHFFuYLhb25UfB3E77xGo9d1NYaBEf","125580.8811124093","118797","65045","0.002280007001230228","0.2906521720782261","-0.03296638647908802","-10.3","0","primal",,"[{""orderName"":""take_profit_2"",""completed"":true,""executedTime"":""2025-12-16T13:37:17.000Z"",""triggeredTime"":""2025-12-16T13:37:17.122Z""},{""orderName"":""take_profit_1"",""completed"":true,""executedTime"":""2025-12-16T13:37:08.000Z"",""triggeredTime"":""2025-12-16T13:37:08.216Z""},{""orderName"":""stop_loss_1"",""completed"":true,""executedTime"":""2025-12-16T13:45:50.000Z"",""triggeredTime"":""2025-12-16T13:45:50.283Z""},{""orderName"":""take_profit_3"",""completed"":false,""executedTime"":""N/A"",""triggeredTime"":""N/A""},{""orderName"":""take_profit_4"",""completed"":false,""executedTime"":""N/A"",""triggeredTime"":""N/A""}]","{""notes"":""✅ ALL STRICT filters passed: conf=0.80, risk-adj=8.00 | ⚠️ snipers:32%"",""symbol"":""KFA"",""mint_key"":""fmsrLn7eLXa7MGdLVMCk2XF6itve7dCNQQe6P9Xpump"",""pair_key"":""EY8PESWM2uaZUpHFFuYLhb25UfB3E77xGo9d1NYaBEf"",""timestamp"":""2025-12-16T13:33:01.821412"",""confidence"":0.8,""go_decision"":true,""signal_source"":""primal"",""predicted_gain"":10,""recommended_sl"":-45,""trace_trade_id"":null,""trace_registered"":false,""predicted_gain_pct"":1000,""risk_adjusted_score"":8,""position_size_factor"":0.05,""recommended_tp_levels"":[{""gain_pct"":30,""sell_amount_pct"":25},{""gain_pct"":50,""sell_amount_pct"":25},{""gain_pct"":100,""sell_amount_pct"":30},{""gain_pct"":200,""sell_amount_pct"":100}]}","true","true","false","false","false","false","true","N/A","N/A","N/A","N/A","N/A","false","N/A","N/A","N/A","N/A","N/A","N/A","N/A","N/A","N/A","N/A","N/A","false","false","false","N/A","N/A","N/A"
"71401","AI-Phillip","SPARK","28KRJBo5MEWQjPkWsoa8UD1WJ3EwHj5CLCRkAMQcpump","ANJpNiuAyikH9mLE8ByVUaY3k5sDAJCmCaKgyYxKccBc","30104","47366","25632","0.0019483840011595191","0.24880563176615322","-0.1181000107924542","-47.32","0","tg_early_trending",,"[{""orderName"":""take_profit_1"",""completed"":false,""executedTime"":""N/A"",""triggeredTime"":""N/A""},{""orderName"":""stop_loss_1"",""completed"":true,""executedTime"":""2025-12-16T13:54:16.000Z"",""triggeredTime"":""2025-12-16T13:54:15.802Z""},{""orderName"":""take_profit_4"",""completed"":false,""executedTime"":""N/A"",""triggeredTime"":""N/A""},{""orderName"":""take_profit_3"",""completed"":false,""executedTime"":""N/A"",""triggeredTime"":""N/A""},{""orderName"":""take_profit_2"",""completed"":false,""executedTime"":""N/A"",""triggeredTime"":""N/A""}]","{""notes"":""✅ ALL STRICT filters passed: conf=0.80, risk-adj=8.00 | ⚠️ snipers:28%"",""symbol"":""SPARK"",""mint_key"":""28KRJBo5MEWQjPkWsoa8UD1WJ3EwHj5CLCRkAMQcpump"",""pair_key"":""ANJpNiuAyikH9mLE8ByVUaY3k5sDAJCmCaKgyYxKccBc"",""timestamp"":""2025-12-16T13:42:11.177052"",""confidence"":0.8,""go_decision"":true,""signal_source"":""primal"",""predicted_gain"":10,""recommended_sl"":-45,""trace_trade_id"":null,""trace_registered"":false,""predicted_gain_pct"":1000,""risk_adjusted_score"":8,""position_size_factor"":0.05,""recommended_tp_levels"":[{""gain_pct"":30,""sell_amount_pct"":25},{""gain_pct"":50,""sell_amount_pct"":25},{""gain_pct"":100,""sell_amount_pct"":30},{""gain_pct"":200,""sell_amount_pct"":100}]}","false","false","false","false","false","false","true","N/A","N/A","N/A","N/A","N/A","false","N/A","N/A","N/A","N/A","N/A","N/A","N/A","N/A","N/A","N/A","N/A","false","false","false","N/A","N/A","N/A"
"71403","AI-Phillip","RICO","AmGSe1SXzQ6VfoMZcpncTScrEcSGq5zq7RFce4Kspump","FK8ifGUWBYvGKXrNrYtNE34FMFPEucpSSEx4QbFjwVFG","52583","51771","26896","0.0020905040013160436","0.26721484926372324","-0.1321465550076951","-49.53","0","tg_early_trending",,"[{""orderName"":""take_profit_1"",""completed"":false,""executedTime"":""N/A"",""triggeredTime"":""N/A""},{""orderName"":""stop_loss_1"",""completed"":true,""executedTime"":""2025-12-16T13:57:42.000Z"",""triggeredTime"":""2025-12-16T13:57:42.546Z""},{""orderName"":""take_profit_2"",""completed"":false,""executedTime"":""N/A"",""triggeredTime"":""N/A""},{""orderName"":""take_profit_3"",""completed"":false,""executedTime"":""N/A"",""triggeredTime"":""N/A""},{""orderName"":""take_profit_4"",""completed"":false,""executedTime"":""N/A"",""triggeredTime"":""N/A""}]","{""notes"":""✅ ALL STRICT filters passed: conf=0.80, risk-adj=8.00 | ⚠️ snipers:36%"",""symbol"":""RICO"",""mint_key"":""AmGSe1SXzQ6VfoMZcpncTScrEcSGq5zq7RFce4Kspump"",""pair_key"":""FK8ifGUWBYvGKXrNrYtNE34FMFPEucpSSEx4QbFjwVFG"",""timestamp"":""2025-12-16T13:50:01.791082"",""confidence"":0.8,""go_decision"":true,""signal_source"":""primal"",""predicted_gain"":10,""recommended_sl"":-45,""trace_trade_id"":null,""trace_registered"":false,""predicted_gain_pct"":1000,""risk_adjusted_score"":8,""position_size_factor"":0.05,""recommended_tp_levels"":[{""gain_pct"":30,""sell_amount_pct"":25},{""gain_pct"":50,""sell_amount_pct"":25},{""gain_pct"":100,""sell_amount_pct"":30},{""gain_pct"":200,""sell_amount_pct"":100}]}","false","false","false","false","false","false","true","N/A","N/A","N/A","N/A","N/A","false","N/A","N/A","N/A","N/A","N/A","N/A","N/A","N/A","N/A","N/A","N/A","false","false","false","N/A","N/A","N/A"
"71395","AI-Phillip","Memeology","HTzJACc6DKKUnQ4sK5VhzKqijbdnQMLUTevFckEypump","CxTTcRPnN3he2WA91yaX9YtaBWhx5Fpgpo5LFzArLZJq","70421","48445","26064","0.0020004999984690667","0.25281414916363587","-0.02950549672630064","-11.03","0","tg_early_trending",,"[{""orderName"":""take_profit_1"",""completed"":true,""executedTime"":""2025-12-16T13:01:34.000Z"",""triggeredTime"":""2025-12-16T13:01:34.489Z""},{""orderName"":""take_profit_3"",""completed"":false,""executedTime"":""N/A"",""triggeredTime"":""N/A""},{""orderName"":""take_profit_4"",""completed"":false,""executedTime"":""N/A"",""triggeredTime"":""N/A""},{""orderName"":""stop_loss_1"",""completed"":true,""executedTime"":""2025-12-16T14:03:19.000Z"",""triggeredTime"":""2025-12-16T14:03:19.532Z""},{""orderName"":""take_profit_2"",""completed"":true,""executedTime"":""2025-12-16T13:07:03.000Z"",""triggeredTime"":""2025-12-16T13:07:03.250Z""}]","{""notes"":""✅ ALL STRICT filters passed: conf=0.80, risk-adj=8.00 | ⚠️ snipers:35%"",""symbol"":""Memeology"",""mint_key"":""HTzJACc6DKKUnQ4sK5VhzKqijbdnQMLUTevFckEypump"",""pair_key"":""CxTTcRPnN3he2WA91yaX9YtaBWhx5Fpgpo5LFzArLZJq"",""timestamp"":""2025-12-16T13:01:03.397919"",""confidence"":0.8,""go_decision"":true,""signal_source"":""primal"",""predicted_gain"":10,""recommended_sl"":-45,""trace_trade_id"":null,""trace_registered"":false,""predicted_gain_pct"":1000,""risk_adjusted_score"":8,""position_size_factor"":0.05,""recommended_tp_levels"":[{""gain_pct"":30,""sell_amount_pct"":25},{""gain_pct"":50,""sell_amount_pct"":25},{""gain_pct"":100,""sell_amount_pct"":30},{""gain_pct"":200,""sell_amount_pct"":100}]}","true","true","false","false","false","false","true","N/A","N/A","N/A","N/A","N/A","false","N/A","N/A","N/A","N/A","N/A","N/A","N/A","N/A","N/A","N/A","N/A","false","false","false","N/A","N/A","N/A"
"71405","AI-Phillip","Jintiao","GrfsDTXzkNug29PAwJkkQAXkPCrfAXf46ZFVBYr5pump","Nt4XjrVDoD1dCYcsUpxNMeFvyy7tw75nHiEaoKoGMwq","52569.388383825186","50002","146296","0.0023200730027017427","0.2966876724841271","0.31305790219299273","105.29","0","solana_tracker",,"[{""orderName"":""take_profit_4"",""completed"":true,""executedTime"":""2025-12-16T14:26:31.000Z"",""triggeredTime"":""2025-12-16T14:26:31.053Z""},{""orderName"":""take_profit_2"",""completed"":true,""executedTime"":""2025-12-16T14:21:31.000Z"",""triggeredTime"":""2025-12-16T14:21:30.956Z""},{""orderName"":""stop_loss_1"",""completed"":false,""executedTime"":""N/A"",""triggeredTime"":""N/A""},{""orderName"":""take_profit_1"",""completed"":true,""executedTime"":""2025-12-16T14:20:37.000Z"",""triggeredTime"":""2025-12-16T14:20:37.250Z""},{""orderName"":""take_profit_3"",""completed"":true,""executedTime"":""2025-12-16T14:22:26.000Z"",""triggeredTime"":""2025-12-16T14:22:26.280Z""}]","{""notes"":""✅ ALL STRICT filters passed: conf=0.80, risk-adj=8.00 | ⚠️ snipers:26%"",""symbol"":""Jintiao"",""mint_key"":""GrfsDTXzkNug29PAwJkkQAXkPCrfAXf46ZFVBYr5pump"",""pair_key"":""Nt4XjrVDoD1dCYcsUpxNMeFvyy7tw75nHiEaoKoGMwq"",""timestamp"":""2025-12-16T14:19:29.437552"",""confidence"":0.8,""go_decision"":true,""signal_source"":""primal"",""predicted_gain"":10,""recommended_sl"":-45,""trace_trade_id"":null,""trace_registered"":false,""predicted_gain_pct"":1000,""risk_adjusted_score"":8,""position_size_factor"":0.05,""recommended_tp_levels"":[{""gain_pct"":30,""sell_amount_pct"":25},{""gain_pct"":50,""sell_amount_pct"":25},{""gain_pct"":100,""sell_amount_pct"":30},{""gain_pct"":200,""sell_amount_pct"":100}]}","true","true","true","true","false","false","false","N/A","N/A","N/A","N/A","N/A","false","N/A","N/A","N/A","N/A","N/A","N/A","N/A","N/A","N/A","N/A","N/A","false","false","false","N/A","N/A","N/A"
"71375","AI-Phillip","Alone","3ivVoCT5E2jE2FjDUmTYCaXnSGyxZVAf3zLX7Anupump","8n3V3CunY47ZMgAbEJaRMEgZZzDZUSCo484Q4vd88xng","81679","81382","62426","0.0034945590011641763","0.4505226440046605","0.10218332517820386","22.42","0","whale",,"[{""orderName"":""take_profit_3"",""completed"":true,""executedTime"":""2025-12-16T12:15:24.000Z"",""triggeredTime"":""2025-12-16T12:15:24.713Z""},{""orderName"":""take_profit_2"",""completed"":true,""executedTime"":""2025-12-16T11:23:23.000Z"",""triggeredTime"":""2025-12-16T11:23:22.819Z""},{""orderName"":""take_profit_1"",""completed"":true,""executedTime"":""2025-12-16T11:07:26.000Z"",""triggeredTime"":""2025-12-16T11:07:26.373Z""},{""orderName"":""take_profit_4"",""completed"":false,""executedTime"":""N/A"",""triggeredTime"":""N/A""},{""orderName"":""stop_loss_1"",""completed"":true,""executedTime"":""2025-12-16T14:38:38.000Z"",""triggeredTime"":""2025-12-16T14:38:38.050Z""}]","{""notes"":""✅ ALL STRICT filters passed: conf=0.80, risk-adj=8.00"",""symbol"":""Alone"",""mint_key"":""3ivVoCT5E2jE2FjDUmTYCaXnSGyxZVAf3zLX7Anupump"",""pair_key"":""8n3V3CunY47ZMgAbEJaRMEgZZzDZUSCo484Q4vd88xng"",""timestamp"":""2025-12-16T10:51:26.655747"",""confidence"":0.8,""go_decision"":true,""signal_source"":""whale"",""predicted_gain"":10,""recommended_sl"":-25,""trace_trade_id"":null,""trace_registered"":false,""predicted_gain_pct"":1000,""risk_adjusted_score"":8,""position_size_factor"":0.07800000000000001,""recommended_tp_levels"":[{""gain_pct"":30,""sell_amount_pct"":25},{""gain_pct"":50,""sell_amount_pct"":25},{""gain_pct"":100,""sell_amount_pct"":30},{""gain_pct"":200,""sell_amount_pct"":100}]}","true","true","true","false","false","false","true","N/A","N/A","N/A","N/A","N/A","false","N/A","N/A","N/A","N/A","N/A","N/A","N/A","N/A","N/A","N/A","N/A","false","false","false","N/A","N/A","N/A"
"71421","AI-Phillip","SCAN","BTkm68Eun3cpyno8QSbSNVerHWREyhxhb37xjaN9pump","FPNwyVpFocNBLYZbyHWwVNhn3GTwXMnPafadEJcdWsxK","45118.63383069372","41294","26428","0.002815105001096315","0.3596684227107938","-0.1334390522656102","-37.2","0","primal",,"[{""orderName"":""stop_loss_1"",""completed"":true,""executedTime"":""2025-12-16T15:30:33.000Z"",""triggeredTime"":""2025-12-16T15:30:32.599Z""},{""orderName"":""take_profit_2"",""completed"":false,""executedTime"":""N/A"",""triggeredTime"":""N/A""},{""orderName"":""take_profit_3"",""completed"":false,""executedTime"":""N/A"",""triggeredTime"":""N/A""},{""orderName"":""take_profit_4"",""completed"":false,""executedTime"":""N/A"",""triggeredTime"":""N/A""},{""orderName"":""take_profit_1"",""completed"":false,""executedTime"":""N/A"",""triggeredTime"":""N/A""}]","{""notes"":""✅ ALL STRICT filters passed: conf=0.80, risk-adj=8.00"",""symbol"":""SCAN"",""mint_key"":""BTkm68Eun3cpyno8QSbSNVerHWREyhxhb37xjaN9pump"",""pair_key"":""FPNwyVpFocNBLYZbyHWwVNhn3GTwXMnPafadEJcdWsxK"",""timestamp"":""2025-12-16T15:28:42.364729"",""confidence"":0.8,""go_decision"":true,""signal_source"":""primal"",""predicted_gain"":10,""recommended_sl"":-35,""trace_trade_id"":null,""trace_registered"":false,""predicted_gain_pct"":1000,""risk_adjusted_score"":8,""position_size_factor"":0.07780848446233682,""recommended_tp_levels"":[{""gain_pct"":30,""sell_amount_pct"":25},{""gain_pct"":50,""sell_amount_pct"":25},{""gain_pct"":100,""sell_amount_pct"":30},{""gain_pct"":200,""sell_amount_pct"":100}]}","false","false","false","false","false","false","true","N/A","N/A","N/A","N/A","N/A","false","N/A","N/A","N/A","N/A","N/A","N/A","N/A","N/A","N/A","N/A","N/A","false","false","false","N/A","N/A","N/A"
"71271","Trace_24H-Phillip","PANDA","PANDA8AgjdgQqRRYedrXGKTb2WygNsAhxNDpD7YrBgv","FybRPAnAj49qRRXFE55sGdcJC6njB8qiQGgo4qvRVJDq","125918","117520","29697","0.000051002000023134","0.006538601952733776","-0.016451640572848817","-252.15","0","whale",,"[{""orderName"":""stop_loss_1"",""completed"":false,""executedTime"":""N/A"",""triggeredTime"":""N/A""},{""orderName"":""take_profit_1"",""completed"":false,""executedTime"":""N/A"",""triggeredTime"":""N/A""}]","{""notes"":""✅ ALL STRICT filters passed: conf=0.80, risk-adj=8.00"",""symbol"":""PANDA"",""mint_key"":""PANDA8AgjdgQqRRYedrXGKTb2WygNsAhxNDpD7YrBgv"",""pair_key"":""FybRPAnAj49qRRXFE55sGdcJC6njB8qiQGgo4qvRVJDq"",""timestamp"":""2025-12-15T15:34:36.170447"",""confidence"":0.8,""go_decision"":true,""signal_source"":""whale"",""predicted_gain"":10,""recommended_sl"":-25,""trace_trade_id"":null,""trace_registered"":false,""predicted_gain_pct"":1000,""risk_adjusted_score"":8,""position_size_factor"":0.07800000000000001,""recommended_tp_levels"":[{""gain_pct"":30,""sell_amount_pct"":25},{""gain_pct"":50,""sell_amount_pct"":25},{""gain_pct"":100,""sell_amount_pct"":30},{""gain_pct"":200,""sell_amount_pct"":100}]}","false","false","false","false","false","false","false","N/A","N/A","N/A","N/A","N/A","false","N/A","N/A","N/A","N/A","N/A","N/A","N/A","N/A","N/A","N/A","N/A","false","false","false","N/A","N/A","N/A"
"71415","AI-Phillip","Scruff","Epbd1rGGCRhqemx6oPBmGdErjc3FSyoxaG6Epk36AbgA","h8TAsjrWxKmuWSqAYagmQdSPCe5a8ZXEFy4AXiWb4SX","28891","23513","66588","0.0023188709939101887","0.2989285399225782","0.3179399778164111","106.18","0","tg_early_trending",,"[{""orderName"":""stop_loss_1"",""completed"":false,""executedTime"":""N/A"",""triggeredTime"":""N/A""},{""orderName"":""take_profit_2"",""completed"":true,""executedTime"":""2025-12-16T15:30:14.000Z"",""triggeredTime"":""2025-12-16T15:30:13.898Z""},{""orderName"":""take_profit_3"",""completed"":true,""executedTime"":""2025-12-16T15:45:18.000Z"",""triggeredTime"":""2025-12-16T15:45:18.122Z""},{""orderName"":""take_profit_1"",""completed"":true,""executedTime"":""2025-12-16T15:29:03.000Z"",""triggeredTime"":""2025-12-16T15:29:03.276Z""},{""orderName"":""take_profit_4"",""completed"":true,""executedTime"":""2025-12-16T15:49:06.000Z"",""triggeredTime"":""2025-12-16T15:49:06.441Z""}]","{""notes"":""✅ ALL STRICT filters passed: conf=0.80, risk-adj=8.00 | ⚠️ snipers:29%"",""symbol"":""Scruff"",""mint_key"":""Epbd1rGGCRhqemx6oPBmGdErjc3FSyoxaG6Epk36AbgA"",""pair_key"":""h8TAsjrWxKmuWSqAYagmQdSPCe5a8ZXEFy4AXiWb4SX"",""timestamp"":""2025-12-16T15:25:13.970819"",""confidence"":0.8,""go_decision"":true,""signal_source"":""primal"",""predicted_gain"":10,""recommended_sl"":-45,""trace_trade_id"":null,""trace_registered"":false,""predicted_gain_pct"":1000,""risk_adjusted_score"":8,""position_size_factor"":0.05,""recommended_tp_levels"":[{""gain_pct"":30,""sell_amount_pct"":25},{""gain_pct"":50,""sell_amount_pct"":25},{""gain_pct"":100,""sell_amount_pct"":30},{""gain_pct"":200,""sell_amount_pct"":100}]}","true","true","true","true","false","false","false","N/A","N/A","N/A","N/A","N/A","false","N/A","N/A","N/A","N/A","N/A","N/A","N/A","N/A","N/A","N/A","N/A","false","false","false","N/A","N/A","N/A"
"71428","AI-Phillip","GIRLBOSSES","SKcUWxHJJcCki79uybC9SNRirhsRSted4uV86Znpump","7TkJQGsG8wouV9sYVFqkuLQZ5HYZdw6nrStzxdcuXcST","155928","185033","569973","0.0018644760003600827","0.24179300286654598","0.2648781083748988","109.32","0","tg_early_trending",,"[{""orderName"":""take_profit_3"",""completed"":true,""executedTime"":""2025-12-16T15:53:37.000Z"",""triggeredTime"":""2025-12-16T15:53:37.318Z""},{""orderName"":""take_profit_4"",""completed"":true,""executedTime"":""2025-12-16T16:00:15.000Z"",""triggeredTime"":""2025-12-16T16:00:14.966Z""},{""orderName"":""take_profit_2"",""completed"":true,""executedTime"":""2025-12-16T15:50:52.000Z"",""triggeredTime"":""2025-12-16T15:50:51.189Z""},{""orderName"":""take_profit_1"",""completed"":true,""executedTime"":""2025-12-16T15:49:02.000Z"",""triggeredTime"":""2025-12-16T15:49:02.291Z""},{""orderName"":""stop_loss_1"",""completed"":false,""executedTime"":""N/A"",""triggeredTime"":""N/A""}]","{""notes"":""✅ ALL STRICT filters passed: conf=0.80, risk-adj=8.00 | ⚠️ snipers:31%"",""symbol"":""GIRLBOSSES"",""mint_key"":""SKcUWxHJJcCki79uybC9SNRirhsRSted4uV86Znpump"",""pair_key"":""7TkJQGsG8wouV9sYVFqkuLQZ5HYZdw6nrStzxdcuXcST"",""timestamp"":""2025-12-16T15:47:43.020813"",""confidence"":0.8,""go_decision"":true,""signal_source"":""primal"",""predicted_gain"":10,""recommended_sl"":-45,""trace_trade_id"":null,""trace_registered"":false,""predicted_gain_pct"":1000,""risk_adjusted_score"":8,""position_size_factor"":0.05,""recommended_tp_levels"":[{""gain_pct"":30,""sell_amount_pct"":25},{""gain_pct"":50,""sell_amount_pct"":25},{""gain_pct"":100,""sell_amount_pct"":30},{""gain_pct"":200,""sell_amount_pct"":100}]}","true","true","true","true","false","false","false","N/A","N/A","N/A","N/A","N/A","false","N/A","N/A","N/A","N/A","N/A","N/A","N/A","N/A","N/A","N/A","N/A","false","false","false","N/A","N/A","N/A"
"71434","AI-Phillip","HAHA","66GJfSTnnn8VLXJpL1N21MFn7LfUn3o7wg6uEYxYpump","EqLgC1gBhT5hXtSgUtT3V4cXzbcb5hDQk9xA4Cc7N2VG","29807","46843","29877","0.003026820998117997","0.39029273732798697","-0.1450687465957047","-37.32","0","tg_early_trending",,"[{""orderName"":""take_profit_1"",""completed"":false,""executedTime"":""N/A"",""triggeredTime"":""N/A""},{""orderName"":""stop_loss_1"",""completed"":true,""executedTime"":""2025-12-16T16:19:14.000Z"",""triggeredTime"":""2025-12-16T16:19:13.978Z""},{""orderName"":""take_profit_3"",""completed"":false,""executedTime"":""N/A"",""triggeredTime"":""N/A""},{""orderName"":""take_profit_4"",""completed"":false,""executedTime"":""N/A"",""triggeredTime"":""N/A""},{""orderName"":""take_profit_2"",""completed"":false,""executedTime"":""N/A"",""triggeredTime"":""N/A""}]","{""notes"":""✅ ALL STRICT filters passed: conf=0.80, risk-adj=8.00"",""symbol"":""HAHA"",""mint_key"":""66GJfSTnnn8VLXJpL1N21MFn7LfUn3o7wg6uEYxYpump"",""pair_key"":""EqLgC1gBhT5hXtSgUtT3V4cXzbcb5hDQk9xA4Cc7N2VG"",""timestamp"":""2025-12-16T16:13:05.975158"",""confidence"":0.8,""go_decision"":true,""signal_source"":""primal"",""predicted_gain"":10,""recommended_sl"":-35,""trace_trade_id"":null,""trace_registered"":false,""predicted_gain_pct"":1000,""risk_adjusted_score"":8,""position_size_factor"":0.07609258296659493,""recommended_tp_levels"":[{""gain_pct"":30,""sell_amount_pct"":25},{""gain_pct"":50,""sell_amount_pct"":25},{""gain_pct"":100,""sell_amount_pct"":30},{""gain_pct"":200,""sell_amount_pct"":100}]}","false","false","false","false","false","false","true","N/A","N/A","N/A","N/A","N/A","false","N/A","N/A","N/A","N/A","N/A","N/A","N/A","N/A","N/A","N/A","N/A","false","false","false","N/A","N/A","N/A"
"71430","AI-Phillip","jpeg","Dt6CoPvC2MEaBH4r6hthhVdec7UGt3NJrZUAmjcnpump","61FPhmWeJgJv2hiPFPEHjCcatRSu1cfJNABz8AEWh1fP","83670","55512","29741","0.0020099699979022464","0.2591270990821597","-0.028845475752527723","-10.81","0","whale",,"[{""orderName"":""stop_loss_1"",""completed"":true,""executedTime"":""2025-12-16T16:20:22.000Z"",""triggeredTime"":""2025-12-16T16:20:22.250Z""},{""orderName"":""take_profit_3"",""completed"":false,""executedTime"":""N/A"",""triggeredTime"":""N/A""},{""orderName"":""take_profit_1"",""completed"":true,""executedTime"":""2025-12-16T15:57:09.000Z"",""triggeredTime"":""2025-12-16T15:57:08.688Z""},{""orderName"":""take_profit_2"",""completed"":true,""executedTime"":""2025-12-16T16:03:56.000Z"",""triggeredTime"":""2025-12-16T16:03:56.515Z""},{""orderName"":""take_profit_4"",""completed"":false,""executedTime"":""N/A"",""triggeredTime"":""N/A""}]","{""notes"":""✅ ALL STRICT filters passed: conf=0.80, risk-adj=8.00 | ⚠️ snipers:27%"",""symbol"":""jpeg"",""mint_key"":""Dt6CoPvC2MEaBH4r6hthhVdec7UGt3NJrZUAmjcnpump"",""pair_key"":""61FPhmWeJgJv2hiPFPEHjCcatRSu1cfJNABz8AEWh1fP"",""timestamp"":""2025-12-16T15:56:31.507742"",""confidence"":0.8,""go_decision"":true,""signal_source"":""primal"",""predicted_gain"":10,""recommended_sl"":-45,""trace_trade_id"":null,""trace_registered"":false,""predicted_gain_pct"":1000,""risk_adjusted_score"":8,""position_size_factor"":0.05,""recommended_tp_levels"":[{""gain_pct"":30,""sell_amount_pct"":25},{""gain_pct"":50,""sell_amount_pct"":25},{""gain_pct"":100,""sell_amount_pct"":30},{""gain_pct"":200,""sell_amount_pct"":100}]}","true","true","false","false","false","false","true","N/A","N/A","N/A","N/A","N/A","false","N/A","N/A","N/A","N/A","N/A","N/A","N/A","N/A","N/A","N/A","N/A","false","false","false","N/A","N/A","N/A"
"71280","Trace_24H-Phillip","ANGUS","HAxsgKFbhzf7T44uHqBswFobZRaoxL8Sewt9xQzupump","24zs7AYwcXfbhFik4h8x9NX3FRPavSpgLQWod7n39DAk","100645","91149","3929","0.00005046899996719685","0.006478330162748607","-0.009929223046179738","-155.2","0","whale",,"[{""orderName"":""take_profit_1"",""completed"":false,""executedTime"":""N/A"",""triggeredTime"":""N/A""},{""orderName"":""stop_loss_1"",""completed"":false,""executedTime"":""N/A"",""triggeredTime"":""N/A""}]","{""notes"":""✅ ALL STRICT filters passed: conf=0.80, risk-adj=8.00 | ⚠️ snipers:34%"",""symbol"":""ANGUS"",""mint_key"":""HAxsgKFbhzf7T44uHqBswFobZRaoxL8Sewt9xQzupump"",""pair_key"":""24zs7AYwcXfbhFik4h8x9NX3FRPavSpgLQWod7n39DAk"",""timestamp"":""2025-12-15T16:32:51.858905"",""confidence"":0.8,""go_decision"":true,""signal_source"":""whale"",""predicted_gain"":10,""recommended_sl"":-45,""trace_trade_id"":null,""trace_registered"":false,""predicted_gain_pct"":1000,""risk_adjusted_score"":8,""position_size_factor"":0.05,""recommended_tp_levels"":[{""gain_pct"":30,""sell_amount_pct"":25},{""gain_pct"":50,""sell_amount_pct"":25},{""gain_pct"":100,""sell_amount_pct"":30},{""gain_pct"":200,""sell_amount_pct"":100}]}","false","false","false","false","false","false","false","N/A","N/A","N/A","N/A","N/A","false","N/A","N/A","N/A","N/A","N/A","N/A","N/A","N/A","N/A","N/A","N/A","false","false","false","N/A","N/A","N/A"
"71442","AI-Phillip","Spiderman","31zC6JMNch84DXywbqYpHdCYP11sBVv5QuRtR2v1pump","7uZG9bCjjb7ajWLQWDF46o9YUqcA75i1WGa5KpqYijh4","55600.281852638225","46205","28694","0.0032943300044619445","0.42286864025331905","-0.1645401541566595","-38.7","0","primal",,"[{""orderName"":""take_profit_2"",""completed"":false,""executedTime"":""N/A"",""triggeredTime"":""N/A""},{""orderName"":""stop_loss_1"",""completed"":true,""executedTime"":""2025-12-16T16:33:42.000Z"",""triggeredTime"":""2025-12-16T16:33:42.198Z""},{""orderName"":""take_profit_4"",""completed"":false,""executedTime"":""N/A"",""triggeredTime"":""N/A""},{""orderName"":""take_profit_1"",""completed"":false,""executedTime"":""N/A"",""triggeredTime"":""N/A""},{""orderName"":""take_profit_3"",""completed"":false,""executedTime"":""N/A"",""triggeredTime"":""N/A""}]","{""notes"":""✅ ALL STRICT filters passed: conf=0.80, risk-adj=8.00"",""symbol"":""Spiderman"",""mint_key"":""31zC6JMNch84DXywbqYpHdCYP11sBVv5QuRtR2v1pump"",""pair_key"":""7uZG9bCjjb7ajWLQWDF46o9YUqcA75i1WGa5KpqYijh4"",""timestamp"":""2025-12-16T16:32:36.771032"",""confidence"":0.8,""go_decision"":true,""signal_source"":""primal"",""predicted_gain"":10,""recommended_sl"":-35,""trace_trade_id"":null,""trace_registered"":false,""predicted_gain_pct"":1000,""risk_adjusted_score"":8,""position_size_factor"":0.07740657392093578,""recommended_tp_levels"":[{""gain_pct"":30,""sell_amount_pct"":25},{""gain_pct"":50,""sell_amount_pct"":25},{""gain_pct"":100,""sell_amount_pct"":30},{""gain_pct"":200,""sell_amount_pct"":100}]}","false","false","false","false","false","false","true","N/A","N/A","N/A","N/A","N/A","false","N/A","N/A","N/A","N/A","N/A","N/A","N/A","N/A","N/A","N/A","N/A","false","false","false","N/A","N/A","N/A"
"71282","Trace_24H-Phillip","BABY","CciR5pmuWQ4aLtYBwnQoRAcDmUitxn2kutZwCKv3pump","DtpXLoLvHeq5YB8MTV1DhFuSrC6iKuTwu9eGrBeyqXrd","85060","85621","3013","0.000041346000000848903","0.0053184326643049935","-0.00884851103035941","-169.11","0","whale",,"[{""orderName"":""take_profit_1"",""completed"":false,""executedTime"":""N/A"",""triggeredTime"":""N/A""},{""orderName"":""stop_loss_1"",""completed"":false,""executedTime"":""N/A"",""triggeredTime"":""N/A""}]","{""notes"":""✅ ALL STRICT filters passed: conf=0.80, risk-adj=8.00 | ⚠️ bundled:37%"",""symbol"":""BABY"",""mint_key"":""CciR5pmuWQ4aLtYBwnQoRAcDmUitxn2kutZwCKv3pump"",""pair_key"":""DtpXLoLvHeq5YB8MTV1DhFuSrC6iKuTwu9eGrBeyqXrd"",""timestamp"":""2025-12-15T16:50:19.759636"",""confidence"":0.8,""go_decision"":true,""signal_source"":""whale"",""predicted_gain"":10,""recommended_sl"":-45,""trace_trade_id"":null,""trace_registered"":false,""predicted_gain_pct"":1000,""risk_adjusted_score"":8,""position_size_factor"":0.05,""recommended_tp_levels"":[{""gain_pct"":30,""sell_amount_pct"":25},{""gain_pct"":50,""sell_amount_pct"":25},{""gain_pct"":100,""sell_amount_pct"":30},{""gain_pct"":200,""sell_amount_pct"":100}]}","false","true","true","false","false","false","false","N/A","N/A","N/A","N/A","N/A","false","N/A","N/A","N/A","N/A","N/A","N/A","N/A","N/A","N/A","N/A","N/A","false","false","false","N/A","N/A","N/A"
"71293","Trace_24H-Phillip","MMGA","FJrkqhYmErVKjnRxxeMws5y5s9w3R3EoedNwpQDjpump","C7fT2sUpcNt2oibQ7f79N3uGZQa47QScEjvqFWTVdB3H","89420","90681","5122","0.000048279999978356714","0.00614943788057905","-0.00947487947667297","-156.6","0","whale",,"[{""orderName"":""stop_loss_1"",""completed"":false,""executedTime"":""N/A"",""triggeredTime"":""N/A""},{""orderName"":""take_profit_1"",""completed"":false,""executedTime"":""N/A"",""triggeredTime"":""N/A""}]","{""notes"":""✅ ALL STRICT filters passed: conf=0.80, risk-adj=8.00"",""symbol"":""MMGA"",""mint_key"":""FJrkqhYmErVKjnRxxeMws5y5s9w3R3EoedNwpQDjpump"",""pair_key"":""C7fT2sUpcNt2oibQ7f79N3uGZQa47QScEjvqFWTVdB3H"",""timestamp"":""2025-12-15T17:57:27.363659"",""confidence"":0.8,""go_decision"":true,""signal_source"":""whale"",""predicted_gain"":10,""recommended_sl"":-25,""trace_trade_id"":null,""trace_registered"":false,""predicted_gain_pct"":1000,""risk_adjusted_score"":8,""position_size_factor"":0.07800000000000001,""recommended_tp_levels"":[{""gain_pct"":30,""sell_amount_pct"":25},{""gain_pct"":50,""sell_amount_pct"":25},{""gain_pct"":100,""sell_amount_pct"":30},{""gain_pct"":200,""sell_amount_pct"":100}]}","false","false","false","false","false","false","false","N/A","N/A","N/A","N/A","N/A","false","N/A","N/A","N/A","N/A","N/A","N/A","N/A","N/A","N/A","N/A","N/A","false","false","false","N/A","N/A","N/A"
"71297","Trace_24H-Phillip","ZDEX","AfPors5xMtDWQL9MTzRyJHRgQMA7bhNR29bYALA6pump","FhkewA9uZNNhBJX6qUq8Wnxj5qVBPe1gaiVpoysNE36F","102470","103850","3541","0.00004537400001745681","0.005772533128822892","-0.009225305097477573","-162.78","0","whale",,"[{""orderName"":""stop_loss_1"",""completed"":false,""executedTime"":""N/A"",""triggeredTime"":""N/A""},{""orderName"":""take_profit_1"",""completed"":false,""executedTime"":""N/A"",""triggeredTime"":""N/A""}]","{""notes"":""✅ ALL STRICT filters passed: conf=0.80, risk-adj=8.00"",""symbol"":""ZDEX"",""mint_key"":""AfPors5xMtDWQL9MTzRyJHRgQMA7bhNR29bYALA6pump"",""pair_key"":""FhkewA9uZNNhBJX6qUq8Wnxj5qVBPe1gaiVpoysNE36F"",""timestamp"":""2025-12-15T18:22:26.464258"",""confidence"":0.8,""go_decision"":true,""signal_source"":""whale"",""predicted_gain"":10,""recommended_sl"":-35,""trace_trade_id"":null,""trace_registered"":false,""predicted_gain_pct"":1000,""risk_adjusted_score"":8,""position_size_factor"":0.07800000000000001,""recommended_tp_levels"":[{""gain_pct"":30,""sell_amount_pct"":25},{""gain_pct"":50,""sell_amount_pct"":25},{""gain_pct"":100,""sell_amount_pct"":30},{""gain_pct"":200,""sell_amount_pct"":100}]}","false","false","false","false","false","false","false","N/A","N/A","N/A","N/A","N/A","false","N/A","N/A","N/A","N/A","N/A","N/A","N/A","N/A","N/A","N/A","N/A","false","false","false","N/A","N/A","N/A"
"71471","AI-Phillip","MEAN","GK4eNcA3z1jeZWy9qMv1YdNj7WUFjF4wQnSTCvj5pump","28kiVPTo3TLah5g7NqJPTMQUxq62AeoSnoZCB63MmLvx","92024","79844","51426","0.003035429001082358","0.38566777002253044","-0.14127087625905155","-36.47","0","whale",,"[{""orderName"":""take_profit_3"",""completed"":false,""executedTime"":""N/A"",""triggeredTime"":""N/A""},{""orderName"":""take_profit_4"",""completed"":false,""executedTime"":""N/A"",""triggeredTime"":""N/A""},{""orderName"":""take_profit_2"",""completed"":false,""executedTime"":""N/A"",""triggeredTime"":""N/A""},{""orderName"":""stop_loss_1"",""completed"":true,""executedTime"":""2025-12-16T18:30:22.000Z"",""triggeredTime"":""2025-12-16T18:30:22.239Z""},{""orderName"":""take_profit_1"",""completed"":false,""executedTime"":""N/A"",""triggeredTime"":""N/A""}]","{""notes"":""✅ ALL STRICT filters passed: conf=0.80, risk-adj=8.00"",""symbol"":""MEAN"",""mint_key"":""GK4eNcA3z1jeZWy9qMv1YdNj7WUFjF4wQnSTCvj5pump"",""pair_key"":""28kiVPTo3TLah5g7NqJPTMQUxq62AeoSnoZCB63MmLvx"",""timestamp"":""2025-12-16T18:24:12.997805"",""confidence"":0.8,""go_decision"":true,""signal_source"":""whale"",""predicted_gain"":10,""recommended_sl"":-35,""trace_trade_id"":null,""trace_registered"":false,""predicted_gain_pct"":1000,""risk_adjusted_score"":8,""position_size_factor"":0.0755136,""recommended_tp_levels"":[{""gain_pct"":30,""sell_amount_pct"":25},{""gain_pct"":50,""sell_amount_pct"":25},{""gain_pct"":100,""sell_amount_pct"":30},{""gain_pct"":200,""sell_amount_pct"":100}]}","false","false","false","false","false","false","true","N/A","N/A","N/A","N/A","N/A","false","N/A","N/A","N/A","N/A","N/A","N/A","N/A","N/A","N/A","N/A","N/A","false","false","false","N/A","N/A","N/A"
"71461","AI-Phillip","likely","AohJXuAgJ2MjLmYozPPbwWShwuNTfAj2yD9MY7iHpump","6E7QL1AEMqbb1CDtpJnb6qkxhNh1cCEdv2T3vbJGn5Rw","86453","82936","38132","0.0019588569996471686","0.25146587877585747","-0.13888148436039854","-55.81","0","whale",,"[{""orderName"":""stop_loss_1"",""completed"":true,""executedTime"":""2025-12-16T18:46:03.000Z"",""triggeredTime"":""2025-12-16T18:46:02.426Z""},{""orderName"":""take_profit_4"",""completed"":false,""executedTime"":""N/A"",""triggeredTime"":""N/A""},{""orderName"":""take_profit_1"",""completed"":false,""executedTime"":""N/A"",""triggeredTime"":""N/A""},{""orderName"":""take_profit_2"",""completed"":false,""executedTime"":""N/A"",""triggeredTime"":""N/A""},{""orderName"":""take_profit_3"",""completed"":false,""executedTime"":""N/A"",""triggeredTime"":""N/A""}]","{""notes"":""✅ ALL STRICT filters passed: conf=0.80, risk-adj=8.00 | ⚠️ snipers:40%"",""symbol"":""likely"",""mint_key"":""AohJXuAgJ2MjLmYozPPbwWShwuNTfAj2yD9MY7iHpump"",""pair_key"":""6E7QL1AEMqbb1CDtpJnb6qkxhNh1cCEdv2T3vbJGn5Rw"",""timestamp"":""2025-12-16T18:11:59.966938"",""confidence"":0.8,""go_decision"":true,""signal_source"":""whale"",""predicted_gain"":10,""recommended_sl"":-45,""trace_trade_id"":null,""trace_registered"":false,""predicted_gain_pct"":1000,""risk_adjusted_score"":8,""position_size_factor"":0.05,""recommended_tp_levels"":[{""gain_pct"":30,""sell_amount_pct"":25},{""gain_pct"":50,""sell_amount_pct"":25},{""gain_pct"":100,""sell_amount_pct"":30},{""gain_pct"":200,""sell_amount_pct"":100}]}","false","false","false","false","false","false","true","N/A","N/A","N/A","N/A","N/A","false","N/A","N/A","N/A","N/A","N/A","N/A","N/A","N/A","N/A","N/A","N/A","false","false","false","N/A","N/A","N/A"
"71485","AI-Phillip","Dickbutt","CjTu89q2E6jGspqdornCSqT6Et4NvDJEkYMohbJZpump","5uyky3SP1NpZuZ4m66Hovcnb49MjNecV4bnNP2oraMbU","187113","102657","84796","0.0020005839991127003","0.2566854100238183","-0.05034322000414904","-19.49","0","whale",,"[{""orderName"":""stop_loss_1"",""completed"":true,""executedTime"":""2025-12-16T18:55:10.000Z"",""triggeredTime"":""2025-12-16T18:54:56.432Z""},{""orderName"":""take_profit_4"",""completed"":false,""executedTime"":""N/A"",""triggeredTime"":""N/A""},{""orderName"":""take_profit_3"",""completed"":false,""executedTime"":""N/A"",""triggeredTime"":""N/A""},{""orderName"":""take_profit_2"",""completed"":false,""executedTime"":""N/A"",""triggeredTime"":""N/A""},{""orderName"":""take_profit_1"",""completed"":false,""executedTime"":""N/A"",""triggeredTime"":""N/A""}]","{""notes"":""✅ ALL STRICT filters passed: conf=0.80, risk-adj=8.00"",""symbol"":""Dickbutt"",""mint_key"":""CjTu89q2E6jGspqdornCSqT6Et4NvDJEkYMohbJZpump"",""pair_key"":""5uyky3SP1NpZuZ4m66Hovcnb49MjNecV4bnNP2oraMbU"",""timestamp"":""2025-12-16T18:54:37.598735"",""confidence"":0.8,""go_decision"":true,""signal_source"":""whale"",""predicted_gain"":10,""recommended_sl"":-25,""trace_trade_id"":null,""trace_registered"":false,""predicted_gain_pct"":1000,""risk_adjusted_score"":8,""position_size_factor"":0.07800000000000001,""recommended_tp_levels"":[{""gain_pct"":30,""sell_amount_pct"":25},{""gain_pct"":50,""sell_amount_pct"":25},{""gain_pct"":100,""sell_amount_pct"":30},{""gain_pct"":200,""sell_amount_pct"":100}]}","false","false","false","false","false","false","true","N/A","N/A","N/A","N/A","N/A","false","N/A","N/A","N/A","N/A","N/A","N/A","N/A","N/A","N/A","N/A","N/A","false","false","false","N/A","N/A","N/A"
"71491","AI-Phillip","HOUSEMAID","E1EhsZdKyWKUYQg4weJFYTF4dQtU1BefqJufT2Cgpump","BgqzSopDZPqSb5BqCj8GXt2GDsjk2zKRRVxNxQzkik4S","66220","72950","42954","0.002844976000466632","0.36154328452763057","-0.30427395888598296","-41.61","0","tg_early_trending",,"[{""orderName"":""stop_loss_1"",""completed"":true,""executedTime"":""2025-12-16T19:13:41.000Z"",""triggeredTime"":""2025-12-16T19:13:40.669Z""},{""orderName"":""take_profit_1"",""completed"":false,""executedTime"":""N/A"",""triggeredTime"":""N/A""},{""orderName"":""take_profit_2"",""completed"":false,""executedTime"":""N/A"",""triggeredTime"":""N/A""},{""orderName"":""take_profit_3"",""completed"":false,""executedTime"":""N/A"",""triggeredTime"":""N/A""},{""orderName"":""take_profit_4"",""completed"":false,""executedTime"":""N/A"",""triggeredTime"":""N/A""}]","{""notes"":""✅ ALL STRICT filters passed: conf=0.80, risk-adj=8.00"",""symbol"":""HOUSEMAID"",""mint_key"":""E1EhsZdKyWKUYQg4weJFYTF4dQtU1BefqJufT2Cgpump"",""pair_key"":""BgqzSopDZPqSb5BqCj8GXt2GDsjk2zKRRVxNxQzkik4S"",""timestamp"":""2025-12-16T19:03:57.011945"",""confidence"":0.8,""go_decision"":true,""signal_source"":""whale"",""predicted_gain"":10,""recommended_sl"":-35,""trace_trade_id"":null,""trace_registered"":false,""predicted_gain_pct"":1000,""risk_adjusted_score"":8,""position_size_factor"":0.07662240000000001,""recommended_tp_levels"":[{""gain_pct"":30,""sell_amount_pct"":25},{""gain_pct"":50,""sell_amount_pct"":25},{""gain_pct"":100,""sell_amount_pct"":30},{""gain_pct"":200,""sell_amount_pct"":100}]}","false","false","false","false","false","false","true","N/A","N/A","N/A","N/A","N/A","false","N/A","N/A","N/A","N/A","N/A","N/A","N/A","N/A","N/A","N/A","N/A","false","false","false","N/A","N/A","N/A"
"71306","Trace_24H-Phillip","Destiny","FjAqWrJf1MW7VG2PTxxiRSD7t45Cnebm5NfMLrG6pump","66R8CXLYBrnQTa8HuWBowUYHGcji7JjbK9HeHEN221tg","81292","70515","4141","0.00004070100003107056","0.005199398891068166","-0.008541640911050431","-168","0","whale",,"[{""orderName"":""stop_loss_1"",""completed"":false,""executedTime"":""N/A"",""triggeredTime"":""N/A""},{""orderName"":""take_profit_1"",""completed"":false,""executedTime"":""N/A"",""triggeredTime"":""N/A""}]","{""notes"":""✅ ALL STRICT filters passed: conf=0.80, risk-adj=8.00"",""symbol"":""Destiny"",""mint_key"":""FjAqWrJf1MW7VG2PTxxiRSD7t45Cnebm5NfMLrG6pump"",""pair_key"":""66R8CXLYBrnQTa8HuWBowUYHGcji7JjbK9HeHEN221tg"",""timestamp"":""2025-12-15T20:15:37.877434"",""confidence"":0.8,""go_decision"":true,""signal_source"":""whale"",""predicted_gain"":10,""recommended_sl"":-35,""trace_trade_id"":null,""trace_registered"":false,""predicted_gain_pct"":1000,""risk_adjusted_score"":8,""position_size_factor"":0.0763872,""recommended_tp_levels"":[{""gain_pct"":30,""sell_amount_pct"":25},{""gain_pct"":50,""sell_amount_pct"":25},{""gain_pct"":100,""sell_amount_pct"":30},{""gain_pct"":200,""sell_amount_pct"":100}]}","false","false","false","false","false","false","false","N/A","N/A","N/A","N/A","N/A","false","N/A","N/A","N/A","N/A","N/A","N/A","N/A","N/A","N/A","N/A","N/A","false","false","false","N/A","N/A","N/A"
"71506","AI-Phillip","EFU","Ah2niRRM4bqbfXoJrjJc1ktrUbMXxLaxzd548Q8tpump","E5TacKepcEC68kWsFDo6L65rfgigQaekhynU3b22224N","89694","87210","47206","0.0016206040001443848","0.20796275134235226","-0.10132365847048429","-48.65","0","whale",,"[{""orderName"":""take_profit_2"",""completed"":false,""executedTime"":""N/A"",""triggeredTime"":""N/A""},{""orderName"":""take_profit_3"",""completed"":false,""executedTime"":""N/A"",""triggeredTime"":""N/A""},{""orderName"":""take_profit_4"",""completed"":false,""executedTime"":""N/A"",""triggeredTime"":""N/A""},{""orderName"":""stop_loss_1"",""completed"":true,""executedTime"":""2025-12-16T21:06:27.000Z"",""triggeredTime"":""2025-12-16T21:06:27.275Z""},{""orderName"":""take_profit_1"",""completed"":false,""executedTime"":""N/A"",""triggeredTime"":""N/A""}]","{""notes"":""✅ ALL STRICT filters passed: conf=0.80, risk-adj=6.29 | ⚠️ snipers:34%"",""symbol"":""EFU"",""mint_key"":""Ah2niRRM4bqbfXoJrjJc1ktrUbMXxLaxzd548Q8tpump"",""pair_key"":""E5TacKepcEC68kWsFDo6L65rfgigQaekhynU3b22224N"",""timestamp"":""2025-12-16T21:01:58.363979"",""confidence"":0.8,""go_decision"":true,""signal_source"":""whale"",""predicted_gain"":7.868540042290496,""recommended_sl"":-45,""trace_trade_id"":null,""trace_registered"":false,""predicted_gain_pct"":786.8540042290496,""risk_adjusted_score"":6.294832033832397,""position_size_factor"":0.05,""recommended_tp_levels"":[{""gain_pct"":30,""sell_amount_pct"":25},{""gain_pct"":50,""sell_amount_pct"":25},{""gain_pct"":100,""sell_amount_pct"":30},{""gain_pct"":200,""sell_amount_pct"":100}]}","false","false","false","false","false","false","true","N/A","N/A","N/A","N/A","N/A","false","N/A","N/A","N/A","N/A","N/A","N/A","N/A","N/A","N/A","N/A","N/A","false","false","false","N/A","N/A","N/A"
"71312","Trace_24H-Phillip","DIP","A2SZoFaBsSRWHkDbtq2dutTGmFr477WHVGYC3Xo8pump","AQpQL4rZ1AtLsLnQJEoJgdeD4xP51N3izbKv5KJLq8KK","98491","92308","7218","0.00003500199997821239","0.004485615252477142","-0.009765230416076987","-220.88","0","whale",,"[{""orderName"":""take_profit_1"",""completed"":false,""executedTime"":""N/A"",""triggeredTime"":""N/A""},{""orderName"":""stop_loss_1"",""completed"":false,""executedTime"":""N/A"",""triggeredTime"":""N/A""}]","{""notes"":""✅ ALL STRICT filters passed: conf=0.80, risk-adj=8.00"",""symbol"":""DIP"",""mint_key"":""A2SZoFaBsSRWHkDbtq2dutTGmFr477WHVGYC3Xo8pump"",""pair_key"":""AQpQL4rZ1AtLsLnQJEoJgdeD4xP51N3izbKv5KJLq8KK"",""timestamp"":""2025-12-15T21:29:14.403907"",""confidence"":0.8,""go_decision"":true,""signal_source"":""whale"",""predicted_gain"":10,""recommended_sl"":-25,""trace_trade_id"":null,""trace_registered"":false,""predicted_gain_pct"":1000,""risk_adjusted_score"":8,""position_size_factor"":0.07800000000000001,""recommended_tp_levels"":[{""gain_pct"":30,""sell_amount_pct"":25},{""gain_pct"":50,""sell_amount_pct"":25},{""gain_pct"":100,""sell_amount_pct"":30},{""gain_pct"":200,""sell_amount_pct"":100}]}","false","false","false","false","false","false","false","N/A","N/A","N/A","N/A","N/A","false","N/A","N/A","N/A","N/A","N/A","N/A","N/A","N/A","N/A","N/A","N/A","false","false","false","N/A","N/A","N/A"
"71316","Trace_24H-Phillip","POLYD","iATcGSt9DhJF9ZiJ6dmR153N7bW2G4J9dSSDxWSpump","GTosKGJF3LhXe8vDVcBXPcH78AwAhzPYnV4Kd4GEDrVg","82721","87564","63163","0.00004646700001257298","0.005976706122580597","-0.005454406429825684","-93.95","0","whale",,"[{""orderName"":""stop_loss_1"",""completed"":false,""executedTime"":""N/A"",""triggeredTime"":""N/A""},{""orderName"":""take_profit_1"",""completed"":false,""executedTime"":""N/A"",""triggeredTime"":""N/A""}]","{""notes"":""✅ ALL STRICT filters passed: conf=0.80, risk-adj=8.00"",""symbol"":""POLYD"",""mint_key"":""iATcGSt9DhJF9ZiJ6dmR153N7bW2G4J9dSSDxWSpump"",""pair_key"":""GTosKGJF3LhXe8vDVcBXPcH78AwAhzPYnV4Kd4GEDrVg"",""timestamp"":""2025-12-15T22:10:55.831800"",""confidence"":0.8,""go_decision"":true,""signal_source"":""whale"",""predicted_gain"":10,""recommended_sl"":-25,""trace_trade_id"":null,""trace_registered"":false,""predicted_gain_pct"":1000,""risk_adjusted_score"":8,""position_size_factor"":0.07800000000000001,""recommended_tp_levels"":[{""gain_pct"":30,""sell_amount_pct"":25},{""gain_pct"":50,""sell_amount_pct"":25},{""gain_pct"":100,""sell_amount_pct"":30},{""gain_pct"":200,""sell_amount_pct"":100}]}","false","false","false","false","false","false","false","N/A","N/A","N/A","N/A","N/A","false","N/A","N/A","N/A","N/A","N/A","N/A","N/A","N/A","N/A","N/A","N/A","false","false","false","N/A","N/A","N/A"
"71526","AI-Phillip","Sol","9jqcGUC6D93Xf1KnqYeJpcpRB7EkxR6w8hSh6yod7KFb","5PJq3nVB95y1xJ2Au3JUEBoVMVFsxXaLG7R8ChBcwCwR","95313","102433","59401","0.0023003780004072698","0.2956881137701521","-0.1281825764284649","-43.26","0","whale",,"[{""orderName"":""take_profit_4"",""completed"":false,""executedTime"":""N/A"",""triggeredTime"":""N/A""},{""orderName"":""take_profit_1"",""completed"":false,""executedTime"":""N/A"",""triggeredTime"":""N/A""},{""orderName"":""take_profit_2"",""completed"":false,""executedTime"":""N/A"",""triggeredTime"":""N/A""},{""orderName"":""take_profit_3"",""completed"":false,""executedTime"":""N/A"",""triggeredTime"":""N/A""},{""orderName"":""stop_loss_1"",""completed"":true,""executedTime"":""2025-12-16T22:34:30.000Z"",""triggeredTime"":""2025-12-16T22:34:29.852Z""}]","{""notes"":""✅ ALL STRICT filters passed: conf=0.80, risk-adj=8.00 | ⚠️ bundled:16%, snipers:26%"",""symbol"":""Sol"",""mint_key"":""9jqcGUC6D93Xf1KnqYeJpcpRB7EkxR6w8hSh6yod7KFb"",""pair_key"":""5PJq3nVB95y1xJ2Au3JUEBoVMVFsxXaLG7R8ChBcwCwR"",""timestamp"":""2025-12-16T22:27:00.676824"",""confidence"":0.8,""go_decision"":true,""signal_source"":""whale"",""predicted_gain"":10,""recommended_sl"":-45,""trace_trade_id"":null,""trace_registered"":false,""predicted_gain_pct"":1000,""risk_adjusted_score"":8,""position_size_factor"":0.05,""recommended_tp_levels"":[{""gain_pct"":30,""sell_amount_pct"":25},{""gain_pct"":50,""sell_amount_pct"":25},{""gain_pct"":100,""sell_amount_pct"":30},{""gain_pct"":200,""sell_amount_pct"":100}]}","false","false","false","false","false","false","true","N/A","N/A","N/A","N/A","N/A","false","N/A","N/A","N/A","N/A","N/A","N/A","N/A","N/A","N/A","N/A","N/A","false","false","false","N/A","N/A","N/A"